-- CF Exam Marker Data Import
-- Generated: 2026-01-16T11:14:16.471Z

-- Insert Chapters
INSERT INTO chapters (id, exam_type, grade, subject, chapter_number, name, description, sort_order) VALUES ('cbse-10-math-ch01', 'CBSE', '10', 'mathematics', 1, 'Real Numbers', 'Euclid''s division lemma, Fundamental Theorem of Arithmetic, HCF, LCM', 1);
INSERT INTO chapters (id, exam_type, grade, subject, chapter_number, name, description, sort_order) VALUES ('cbse-10-math-ch02', 'CBSE', '10', 'mathematics', 2, 'Polynomials', 'Zeros of polynomial, relationship between zeros and coefficients', 2);
INSERT INTO chapters (id, exam_type, grade, subject, chapter_number, name, description, sort_order) VALUES ('cbse-10-math-ch03', 'CBSE', '10', 'mathematics', 3, 'Pair of Linear Equations in Two Variables', 'Graphical and algebraic methods of solving', 3);
INSERT INTO chapters (id, exam_type, grade, subject, chapter_number, name, description, sort_order) VALUES ('cbse-10-math-ch04', 'CBSE', '10', 'mathematics', 4, 'Quadratic Equations', 'Solutions by factorization, completing square, quadratic formula', 4);
INSERT INTO chapters (id, exam_type, grade, subject, chapter_number, name, description, sort_order) VALUES ('cbse-10-math-ch05', 'CBSE', '10', 'mathematics', 5, 'Arithmetic Progressions', 'nth term, sum of n terms', 5);
INSERT INTO chapters (id, exam_type, grade, subject, chapter_number, name, description, sort_order) VALUES ('cbse-10-math-ch06', 'CBSE', '10', 'mathematics', 6, 'Triangles', 'Similarity of triangles, Pythagoras theorem', 6);
INSERT INTO chapters (id, exam_type, grade, subject, chapter_number, name, description, sort_order) VALUES ('cbse-10-math-ch07', 'CBSE', '10', 'mathematics', 7, 'Coordinate Geometry', 'Distance formula, section formula, area of triangle', 7);
INSERT INTO chapters (id, exam_type, grade, subject, chapter_number, name, description, sort_order) VALUES ('cbse-10-math-ch08', 'CBSE', '10', 'mathematics', 8, 'Introduction to Trigonometry', 'Trigonometric ratios, identities', 8);
INSERT INTO chapters (id, exam_type, grade, subject, chapter_number, name, description, sort_order) VALUES ('cbse-10-math-ch09', 'CBSE', '10', 'mathematics', 9, 'Some Applications of Trigonometry', 'Heights and distances', 9);
INSERT INTO chapters (id, exam_type, grade, subject, chapter_number, name, description, sort_order) VALUES ('cbse-10-math-ch10', 'CBSE', '10', 'mathematics', 10, 'Circles', 'Tangent to a circle, number of tangents', 10);
INSERT INTO chapters (id, exam_type, grade, subject, chapter_number, name, description, sort_order) VALUES ('cbse-10-math-ch11', 'CBSE', '10', 'mathematics', 11, 'Constructions', 'Division of line segment, tangent to circle', 11);
INSERT INTO chapters (id, exam_type, grade, subject, chapter_number, name, description, sort_order) VALUES ('cbse-10-math-ch12', 'CBSE', '10', 'mathematics', 12, 'Areas Related to Circles', 'Area of sector, segment', 12);
INSERT INTO chapters (id, exam_type, grade, subject, chapter_number, name, description, sort_order) VALUES ('cbse-10-math-ch13', 'CBSE', '10', 'mathematics', 13, 'Surface Areas and Volumes', 'Combinations of solids, conversion of solids', 13);
INSERT INTO chapters (id, exam_type, grade, subject, chapter_number, name, description, sort_order) VALUES ('cbse-10-math-ch14', 'CBSE', '10', 'mathematics', 14, 'Statistics', 'Mean, median, mode of grouped data', 14);
INSERT INTO chapters (id, exam_type, grade, subject, chapter_number, name, description, sort_order) VALUES ('cbse-10-math-ch15', 'CBSE', '10', 'mathematics', 15, 'Probability', 'Classical definition, simple problems', 15);

-- Exam Set 1
INSERT INTO exam_sets (id, exam_type, grade, subject, test_type, name, total_questions, total_marks, duration_minutes, is_free) VALUES ('cbse-10-math-full-01', 'CBSE', '10', 'mathematics', 'full', 'CBSE Class 10 Mathematics - Full Mock Test 1', 36, 80, 90, 1);

-- Questions
INSERT INTO questions (id, set_id, type, marks, difficulty, question_text, question_latex, has_diagram, diagram_svg, options_json, solution_json, unit, topic, case_study_json, sort_order) VALUES ('cbse-10-math-full-01-U2-B2A-Q01', 'cbse-10-math-full-01', 'MCQ', 1, 0.4, 'If one zero of the polynomial p(x) = 5x² + 13x + k is the reciprocal of the other, then the value of k is:', NULL, 0, NULL, '[{"id":"A","text":"1/5","is_correct":false},{"id":"B","text":"5","is_correct":true},{"id":"C","text":"13","is_correct":false},{"id":"D","text":"0","is_correct":false}]', '{"steps":["Let zeros be α and 1/α","Product of zeros = c/a","α × (1/α) = k/5","1 = k/5","k = 5"],"answer":{"correct_option":"B"}}', NULL, NULL, NULL, 1);
INSERT INTO questions (id, set_id, type, marks, difficulty, question_text, question_latex, has_diagram, diagram_svg, options_json, solution_json, unit, topic, case_study_json, sort_order) VALUES ('cbse-10-math-full-01-U3-B3A-Q01', 'cbse-10-math-full-01', 'MCQ', 1, 0.3, 'The distance of the point P(-3, -4) from the origin is:', NULL, 0, NULL, '[{"id":"A","text":"7","is_correct":false},{"id":"B","text":"1","is_correct":false},{"id":"C","text":"5","is_correct":true},{"id":"D","text":"-5","is_correct":false}]', '{"steps":["Distance from origin = √(x² + y²)","√((-3)² + (-4)²) = √(9 + 16)","√25 = 5 (Distance is always positive)"],"answer":{"correct_option":"C"}}', NULL, NULL, NULL, 2);
INSERT INTO questions (id, set_id, type, marks, difficulty, question_text, question_latex, has_diagram, diagram_svg, options_json, solution_json, unit, topic, case_study_json, sort_order) VALUES ('cbse-10-math-full-01-U5-B5A-Q01', 'cbse-10-math-full-01', 'MCQ', 1, 0.4, 'If sin A + sin² A = 1, then the value of cos² A + cos⁴ A is:', 'If $\sin A + \sin^2 A = 1$, then the value of $\cos^2 A + \cos^4 A$ is:', 0, NULL, '[{"id":"A","text":"1","is_correct":true},{"id":"B","text":"1/2","is_correct":false},{"id":"C","text":"2","is_correct":false},{"id":"D","text":"3","is_correct":false}]', '{"steps":["Given sin A = 1 - sin² A","sin A = cos² A","Squaring both sides: sin² A = cos⁴ A","We need value of cos² A + cos⁴ A","Substitute cos⁴ A = sin² A","Expression becomes cos² A + sin² A","Identity: cos² A + sin² A = 1"],"answer":{"correct_option":"A"}}', NULL, NULL, NULL, 3);
INSERT INTO questions (id, set_id, type, marks, difficulty, question_text, question_latex, has_diagram, diagram_svg, options_json, solution_json, unit, topic, case_study_json, sort_order) VALUES ('cbse-10-math-full-01-U4-B4A-Q01', 'cbse-10-math-full-01', 'MCQ', 1, 0.4, 'In ΔABC, DE || BC such that AD = 3 cm, DB = 5 cm and AE = 6 cm. The length of AC is:', NULL, 1, '<svg viewBox=''0 0 200 150'' xmlns=''http://www.w3.org/2000/svg''><polygon points=''100,10 10,140 190,140'' stroke=''black'' fill=''none'' stroke-width=''2''/><line x1=''55'' y1=''75'' x2=''145'' y2=''75'' stroke=''black'' stroke-width=''2''/><text x=''100'' y=''5'' font-size=''12'' text-anchor=''middle''>A</text><text x=''5'' y=''145'' font-size=''12'' text-anchor=''middle''>B</text><text x=''195'' y=''145'' font-size=''12'' text-anchor=''middle''>C</text><text x=''50'' y=''75'' font-size=''12'' text-anchor=''end''>D</text><text x=''150'' y=''75'' font-size=''12'' text-anchor=''start''>E</text></svg>', '[{"id":"A","text":"10 cm","is_correct":false},{"id":"B","text":"16 cm","is_correct":true},{"id":"C","text":"8 cm","is_correct":false},{"id":"D","text":"12 cm","is_correct":false}]', '{"steps":["By BPT: AD/DB = AE/EC","3/5 = 6/EC","3 × EC = 30 => EC = 10 cm","AC = AE + EC = 6 + 10 = 16 cm"],"answer":{"correct_option":"B"}}', NULL, NULL, NULL, 4);
INSERT INTO questions (id, set_id, type, marks, difficulty, question_text, question_latex, has_diagram, diagram_svg, options_json, solution_json, unit, topic, case_study_json, sort_order) VALUES ('cbse-10-math-full-01-U2-B2B-Q01', 'cbse-10-math-full-01', 'MCQ', 1, 0.4, 'The value of k for which the system of equations kx + 3y = 1, 12x + ky = 2 has no solution is:', 'The value of $k$ for which the system of equations $kx + 3y = 1$, $12x + ky = 2$ has no solution is:', 0, NULL, '[{"id":"A","text":"k = ±6","is_correct":false},{"id":"B","text":"k = 6","is_correct":false},{"id":"C","text":"k = -6","is_correct":true},{"id":"D","text":"k = 0","is_correct":false}]', '{"steps":["For no solution: a1/a2 = b1/b2 ≠ c1/c2","k/12 = 3/k","k² = 36","k = ±6","Check c1/c2 = 1/2. If k=6, 6/12 = 3/6 = 1/2. Wait, if equal to c1/c2 it is infinite solutions.","Let''s recheck question text. Usually c varies.","Assume infinite? No, question says No solution.","If k=-6: -6/12 = 3/-6 = -1/2. ≠ 1/2. Correct.","So for No Solution, k should be -6.","Correct option set to -6 in theory, but let''s re-verify options. Answer key says k=6 usually implies parallel lines if c is different.","Here c1/c2 is 1/2.","If k=6 => ratio is 1/2 = 1/2 = 1/2 (Dependent/Infinite).","If k=-6 => ratio is -1/2 = -1/2 ≠ 1/2 (Parallel/No Solution).","Correction: Correct option should be k = -6."],"steps_latex":["For no solution: $\\frac{a_1}{a_2} = \\frac{b_1}{b_2} \\neq \\frac{c_1}{c_2}$","$\\frac{k}{12} = \\frac{3}{k}$","$k^2 = 36 \\Rightarrow k = \\pm 6$","Check $\\frac{c_1}{c_2} = \\frac{1}{2}$","Case 1: If $k=6$, $\\frac{6}{12} = \\frac{1}{2} = \\frac{1}{2}$ (Infinite solutions)","Case 2: If $k=-6$, $\\frac{-6}{12} = -\\frac{1}{2} \\neq \\frac{1}{2}$ (No solution)","Therefore, for no solution, $k = -6$."],"answer":{"correct_option":"C","note":"Adjusted to C based on logic"}}', NULL, NULL, NULL, 5);
INSERT INTO questions (id, set_id, type, marks, difficulty, question_text, question_latex, has_diagram, diagram_svg, options_json, solution_json, unit, topic, case_study_json, sort_order) VALUES ('cbse-10-math-full-01-U2-B2D-Q01', 'cbse-10-math-full-01', 'MCQ', 1, 0.3, 'The 11th term of the AP: -5, -5/2, 0, 5/2, ... is:', 'The 11th term of the AP: $-5, -\frac{5}{2}, 0, \frac{5}{2}, \dots$ is:', 0, NULL, '[{"id":"A","text":"-20","is_correct":false},{"id":"B","text":"20","is_correct":true},{"id":"C","text":"-30","is_correct":false},{"id":"D","text":"30","is_correct":false}]', '{"steps":["a = -5, d = -5/2 - (-5) = 2.5 (5/2)","a11 = a + 10d","a11 = -5 + 10(2.5)","a11 = -5 + 25 = 20"],"answer":{"correct_option":"B"}}', NULL, NULL, NULL, 6);
INSERT INTO questions (id, set_id, type, marks, difficulty, question_text, question_latex, has_diagram, diagram_svg, options_json, solution_json, unit, topic, case_study_json, sort_order) VALUES ('cbse-10-math-full-01-U2-B2C-Q01', 'cbse-10-math-full-01', 'MCQ', 1, 0.3, 'Which of the following is a quadratic equation?', 'Which of the following is a quadratic equation?', 0, NULL, '[{"id":"A","text":"x² + 3x + 1 = (x-2)²","is_correct":false},{"id":"B","text":"(x+1)² = 2(x-3)","is_correct":true},{"id":"C","text":"x² + 1/x = 5","is_correct":false},{"id":"D","text":"2x² - 5x = (x-1)² + x²","is_correct":false}]', '{"steps":["A: x² + 3x + 1 = x² - 4x + 4 => 7x - 3 = 0 (Linear)","B: x² + 2x + 1 = 2x - 6 => x² + 7 = 0 (Quadratic)","C: Multiply by x => x³ (Cubic)","D: 2x² = 2x² cancels out (Linear)"],"steps_latex":["Option A: $x^2 + 3x + 1 = x^2 - 4x + 4 \\Rightarrow 7x - 3 = 0$ (Linear)","Option B: $x^2 + 2x + 1 = 2x - 6 \\Rightarrow x^2 + 7 = 0$ (Quadratic)","Option C: Multiply by $x \\Rightarrow x^3$ (Cubic)","Option D: $2x^2$ on both sides cancels out (Linear)"],"answer":{"correct_option":"B"}}', NULL, NULL, NULL, 7);
INSERT INTO questions (id, set_id, type, marks, difficulty, question_text, question_latex, has_diagram, diagram_svg, options_json, solution_json, unit, topic, case_study_json, sort_order) VALUES ('cbse-10-math-full-01-U4-B4B-Q01', 'cbse-10-math-full-01', 'MCQ', 1, 0.3, 'From a point Q, the length of the tangent to a circle is 24 cm and the distance of Q from the centre is 25 cm. The radius of the circle is:', NULL, 0, NULL, '[{"id":"A","text":"7 cm","is_correct":true},{"id":"B","text":"12 cm","is_correct":false},{"id":"C","text":"15 cm","is_correct":false},{"id":"D","text":"24.5 cm","is_correct":false}]', '{"steps":["Tangent is perpendicular to radius.","Hypotenuse (OQ) = 25, Tangent (PQ) = 24","r² + 24² = 25²","r² = 625 - 576 = 49","r = 7 cm"],"answer":{"correct_option":"A"}}', NULL, NULL, NULL, 8);
INSERT INTO questions (id, set_id, type, marks, difficulty, question_text, question_latex, has_diagram, diagram_svg, options_json, solution_json, unit, topic, case_study_json, sort_order) VALUES ('cbse-10-math-full-01-U4-Filler-Q41', 'cbse-10-math-full-01', 'MCQ', 1, 0.5, 'In ΔABC, if AB=6√3 cm, AC=12 cm and BC=6 cm, then angle B is:', NULL, 0, NULL, '[{"id":"A","text":"120°","is_correct":false},{"id":"B","text":"60°","is_correct":false},{"id":"C","text":"90°","is_correct":true},{"id":"D","text":"45°","is_correct":false}]', '{"steps":["Check Pythagoras theorem.","AB² = 108, BC² = 36, AC² = 144.","108 + 36 = 144 => AB² + BC² = AC².","Therefore ∠B (opposite AC) = 90°."],"answer":{"correct_option":"C"}}', 'Geometry', NULL, NULL, 9);
INSERT INTO questions (id, set_id, type, marks, difficulty, question_text, question_latex, has_diagram, diagram_svg, options_json, solution_json, unit, topic, case_study_json, sort_order) VALUES ('cbse-10-math-full-01-U1-B1A-Q01', 'cbse-10-math-full-01', 'MCQ', 1, 0.3, 'The ratio of LCM and HCF of the least composite and the least prime numbers is:', 'The ratio of LCM and HCF of the least composite and the least prime numbers is:', 0, NULL, '[{"id":"A","text":"1:2","is_correct":false},{"id":"B","text":"2:1","is_correct":true},{"id":"C","text":"1:1","is_correct":false},{"id":"D","text":"1:3","is_correct":false}]', '{"steps":["Least composite number = 4","Least prime number = 2","LCM(4, 2) = 4","HCF(4, 2) = 2","Ratio LCM:HCF = 4:2 = 2:1"],"steps_latex":["Least composite number = $4$","Least prime number = $2$","LCM$(4, 2) = 4$","HCF$(4, 2) = 2$","Ratio LCM:HCF = $4:2 = 2:1$"],"answer":{"correct_option":"B"}}', NULL, NULL, NULL, 10);
INSERT INTO questions (id, set_id, type, marks, difficulty, question_text, question_latex, has_diagram, diagram_svg, options_json, solution_json, unit, topic, case_study_json, sort_order) VALUES ('cbse-10-math-full-01-U1-B1A-Q02', 'cbse-10-math-full-01', 'MCQ', 1, 0.4, 'If HCF(336, 54) = 6, find LCM(336, 54).', 'If HCF$(336, 54) = 6$, find LCM$(336, 54)$.', 0, NULL, '[{"id":"A","text":"3024","is_correct":true},{"id":"B","text":"3360","is_correct":false},{"id":"C","text":"3004","is_correct":false},{"id":"D","text":"5400","is_correct":false}]', '{"steps":["Formula: HCF × LCM = Product of numbers","6 × LCM = 336 × 54","LCM = (336 × 54) / 6","LCM = 336 × 9 = 3024"],"steps_latex":["Formula: HCF $\\times$ LCM = Product of numbers","$6 \\times \\text{LCM} = 336 \\times 54$","$\\text{LCM} = \\frac{336 \\times 54}{6}$","$\\text{LCM} = 336 \\times 9 = 3024$"],"answer":{"correct_option":"A"}}', NULL, NULL, NULL, 11);
INSERT INTO questions (id, set_id, type, marks, difficulty, question_text, question_latex, has_diagram, diagram_svg, options_json, solution_json, unit, topic, case_study_json, sort_order) VALUES ('cbse-10-math-full-01-U1-B1B-Q01', 'cbse-10-math-full-01', 'MCQ', 1, 0.4, 'The decimal expansion of the rational number 14587/1250 will terminate after:', NULL, 0, NULL, '[{"id":"A","text":"one decimal place","is_correct":false},{"id":"B","text":"two decimal places","is_correct":false},{"id":"C","text":"three decimal places","is_correct":false},{"id":"D","text":"four decimal places","is_correct":true}]', '{"steps":["Denominator 1250 = 2 × 5^4","Highest power is 4 (from 5^4)","Therefore, it terminates after 4 decimal places."],"answer":{"correct_option":"D"}}', NULL, NULL, NULL, 12);
INSERT INTO questions (id, set_id, type, marks, difficulty, question_text, question_latex, has_diagram, diagram_svg, options_json, solution_json, unit, topic, case_study_json, sort_order) VALUES ('cbse-10-math-full-01-U1-B1B-Q02', 'cbse-10-math-full-01', 'Assertion-Reason', 1, 0.5, 'Assertion (A): √2 is an irrational number.
Reason (R): If p is a prime number, then √p is always irrational.', NULL, 0, NULL, '[{"id":"A","text":"Both A and R are true and R is correct explanation of A","is_correct":true},{"id":"B","text":"Both A and R are true but R is not correct explanation","is_correct":false},{"id":"C","text":"A is true but R is false","is_correct":false},{"id":"D","text":"A is false but R is true","is_correct":false}]', '{"steps":["Reason is a standard theorem.","Assertion applies this theorem to p=2.","Thus, R explains A."],"answer":{"correct_option":"A"}}', NULL, NULL, NULL, 13);
INSERT INTO questions (id, set_id, type, marks, difficulty, question_text, question_latex, has_diagram, diagram_svg, options_json, solution_json, unit, topic, case_study_json, sort_order) VALUES ('cbse-10-math-full-01-U7-B7B-Q01', 'cbse-10-math-full-01', 'MCQ', 1, 0.3, 'A card is selected at random from a well shuffled deck of 52 cards. The probability of its being a red face card is:', NULL, 0, NULL, '[{"id":"A","text":"3/26","is_correct":false},{"id":"B","text":"3/13","is_correct":false},{"id":"C","text":"2/13","is_correct":false},{"id":"D","text":"1/2","is_correct":false}]', '{"steps":["Total cards = 52.","Face cards (J, Q, K) = 12 total.","Red face cards (Hearts + Diamonds) = 6.","Probability = 6/52 = 3/26"],"answer":{"correct_option":"A"}}', NULL, NULL, NULL, 14);
INSERT INTO questions (id, set_id, type, marks, difficulty, question_text, question_latex, has_diagram, diagram_svg, options_json, solution_json, unit, topic, case_study_json, sort_order) VALUES ('cbse-10-math-full-01-U3-B3A-Q02', 'cbse-10-math-full-01', 'VSA', 2, 0.5, 'Find the ratio in which the y-axis divides the line segment joining the points A(5, -6) and B(-1, -4).', NULL, 0, NULL, NULL, '{"steps":["Let ratio be k:1. Point on y-axis is (0, y).","Using Section Formula for x-coordinate: x = (mx₂ + nx₁)/(m+n)","0 = (k(-1) + 1(5))/(k+1)","0 = -k + 5","k = 5","Ratio is 5:1"],"answer":"5:1"}', NULL, NULL, NULL, 15);
INSERT INTO questions (id, set_id, type, marks, difficulty, question_text, question_latex, has_diagram, diagram_svg, options_json, solution_json, unit, topic, case_study_json, sort_order) VALUES ('cbse-10-math-full-01-U6-Filler-Q40', 'cbse-10-math-full-01', 'VSA', 2, 0.5, 'Two cubes each of volume 64 cm³ are joined end to end. Find the surface area of the resulting cuboid.', NULL, 0, NULL, NULL, '{"steps":["Volume a³ = 64 => a = 4 cm.","Length of cuboid l = 4+4 = 8 cm.","Breadth b = 4 cm. Height h = 4 cm.","TSA = 2(lb + bh + hl)","= 2(32 + 16 + 32)","= 2(80) = 160 cm²"],"answer":"160 cm²"}', 'Mensuration', NULL, NULL, 16);
INSERT INTO questions (id, set_id, type, marks, difficulty, question_text, question_latex, has_diagram, diagram_svg, options_json, solution_json, unit, topic, case_study_json, sort_order) VALUES ('cbse-10-math-full-01-U1-B1A-Q03', 'cbse-10-math-full-01', 'VSA', 2, 0.5, 'Explain why 7 × 11 × 13 + 13 is a composite number.', 'Explain why $7 \times 11 \times 13 + 13$ is a composite number.', 0, NULL, NULL, '{"steps":["Take 13 common: 13(7 × 11 + 1)","= 13(77 + 1)","= 13 × 78","Since the number has factors other than 1 and itself (13 and 78), it is a composite number."],"steps_latex":["Take $13$ common: $13(7 \\times 11 + 1)$","$= 13(77 + 1)$","$= 13 \\times 78$","Since the number has factors other than $1$ and itself ($13$ and $78$), it is a composite number."],"answer":"Composite because it has factors 13 and 78."}', NULL, NULL, NULL, 17);
INSERT INTO questions (id, set_id, type, marks, difficulty, question_text, question_latex, has_diagram, diagram_svg, options_json, solution_json, unit, topic, case_study_json, sort_order) VALUES ('cbse-10-math-full-01-U7-B7B-Q02', 'cbse-10-math-full-01', 'VSA', 2, 0.4, 'Two dice are thrown at the same time. Find the probability of getting different numbers on the dice.', NULL, 0, NULL, NULL, '{"steps":["Total outcomes = 6 × 6 = 36.","Favorable outcomes (Same number/Doublets): (1,1), (2,2)...(6,6) = 6 outcomes.","P(Same) = 6/36 = 1/6.","P(Different) = 1 - P(Same) = 1 - 1/6 = 5/6."],"answer":"5/6"}', NULL, NULL, NULL, 18);
INSERT INTO questions (id, set_id, type, marks, difficulty, question_text, question_latex, has_diagram, diagram_svg, options_json, solution_json, unit, topic, case_study_json, sort_order) VALUES ('cbse-10-math-full-01-U2-B2A-Q02', 'cbse-10-math-full-01', 'SA', 3, 0.5, 'Find a quadratic polynomial whose zeroes are 5-3√2 and 5+3√2.', NULL, 0, NULL, NULL, '{"steps":["Sum of zeros (S) = (5-3√2) + (5+3√2) = 10","Product of zeros (P) = (5-3√2)(5+3√2)","Using (a-b)(a+b) = a² - b²","P = 25 - (9×2) = 25 - 18 = 7","Quadratic polynomial is k[x² - Sx + P]","k[x² - 10x + 7]"],"answer":"x² - 10x + 7"}', NULL, NULL, NULL, 19);
INSERT INTO questions (id, set_id, type, marks, difficulty, question_text, question_latex, has_diagram, diagram_svg, options_json, solution_json, unit, topic, case_study_json, sort_order) VALUES ('cbse-10-math-full-01-U3-B3A-Q03', 'cbse-10-math-full-01', 'SA', 3, 0.5, 'If (1, 2), (4, y), (x, 6) and (3, 5) are the vertices of a parallelogram taken in order, find x and y.', NULL, 0, NULL, NULL, '{"steps":["Diagonals of a parallelogram bisect each other.","Midpoint of AC = Midpoint of BD","Midpoint AC: ((1+x)/2, (2+6)/2) = ((1+x)/2, 4)","Midpoint BD: ((4+3)/2, (y+5)/2) = (7/2, (y+5)/2)","Comparing x-coords: (1+x)/2 = 7/2 => 1+x = 7 => x = 6","Comparing y-coords: 4 = (y+5)/2 => 8 = y+5 => y = 3"],"answer":"x = 6, y = 3"}', NULL, NULL, NULL, 20);
INSERT INTO questions (id, set_id, type, marks, difficulty, question_text, question_latex, has_diagram, diagram_svg, options_json, solution_json, unit, topic, case_study_json, sort_order) VALUES ('cbse-10-math-full-01-U5-B5A-Q02', 'cbse-10-math-full-01', 'SA', 3, 0.6, 'Prove the following trigonometric identity: (tan θ / (1 - cot θ)) + (cot θ / (1 - tan θ)) = 1 + sec θ cosec θ', 'Prove the following trigonometric identity: $\frac{\tan \theta}{1 - \cot \theta} + \frac{\cot \theta}{1 - \tan \theta} = 1 + \sec \theta \csc \theta$', 0, NULL, NULL, '{"steps":["Convert to sin/cos:","LHS = (sin/cos)/(1 - cos/sin) + (cos/sin)/(1 - sin/cos)","= (sin/cos) / ((sin-cos)/sin) + (cos/sin) / ((cos-sin)/cos)","= sin²/(cos(sin-cos)) + cos²/(sin(cos-sin))","Make denominators same (sin-cos):","= sin²/(cos(sin-cos)) - cos²/(sin(sin-cos))","= (sin³ - cos³) / (sin cos (sin-cos))","Use a³-b³ = (a-b)(a²+b²+ab)","= (sin-cos)(sin² + cos² + sin cos) / (sin cos (sin-cos))","Cancel (sin-cos):","= (1 + sin cos) / (sin cos)","= 1/(sin cos) + 1","= sec θ cosec θ + 1 = RHS"],"answer":"Proven: 1 + sec θ cosec θ"}', NULL, NULL, NULL, 21);
INSERT INTO questions (id, set_id, type, marks, difficulty, question_text, question_latex, has_diagram, diagram_svg, options_json, solution_json, unit, topic, case_study_json, sort_order) VALUES ('cbse-10-math-full-01-U4-B4A-Q02', 'cbse-10-math-full-01', 'SA', 3, 0.6, 'Diagonals AC and BD of a trapezium ABCD with AB || DC intersect each other at the point O. Using a similarity criterion for two triangles, show that OA/OC = OB/OD.', NULL, 0, NULL, NULL, '{"steps":["In ΔOAB and ΔOCD:","∠OAB = ∠OCD (Alternate interior angles, AB || DC)","∠OBA = ∠ODC (Alternate interior angles)","∠AOB = ∠COD (Vertically opposite angles)","Therefore, ΔOAB ~ ΔOCD (AAA Similarity criteria)","Sides are proportional: OA/OC = OB/OD"],"answer":"Proven using AAA similarity"}', NULL, NULL, NULL, 22);
INSERT INTO questions (id, set_id, type, marks, difficulty, question_text, question_latex, has_diagram, diagram_svg, options_json, solution_json, unit, topic, case_study_json, sort_order) VALUES ('cbse-10-math-full-01-U2-B2B-Q02', 'cbse-10-math-full-01', 'SA', 3, 0.5, 'Half the perimeter of a rectangular garden, whose length is 4 m more than its width, is 36 m. Find the dimensions of the garden.', 'Half the perimeter of a rectangular garden, whose length is $4\text{ m}$ more than its width, is $36\text{ m}$. Find the dimensions of the garden.', 0, NULL, NULL, '{"steps":["Let width = x, Length = y","y = x + 4","Perimeter P = 2(x+y). Half perimeter = x+y = 36","Substitute y: x + (x+4) = 36","2x = 32","x = 16 m","y = 16 + 4 = 20 m"],"steps_latex":["Let width $= x$, Length $= y$","$y = x + 4$","Perimeter $P = 2(x+y)$. Half perimeter $= x+y = 36$","Substitute $y$: $x + (x+4) = 36$","$2x = 32 \\Rightarrow x = 16$","Width $= 16\\text{ m}$","Length $y = 16 + 4 = 20\\text{ m}$"],"answer":"Length = 20m, Width = 16m"}', NULL, NULL, NULL, 23);
INSERT INTO questions (id, set_id, type, marks, difficulty, question_text, question_latex, has_diagram, diagram_svg, options_json, solution_json, unit, topic, case_study_json, sort_order) VALUES ('cbse-10-math-full-01-U2-B2D-Q02', 'cbse-10-math-full-01', 'SA', 3, 0.6, 'Find the sum of all two-digit numbers which when divided by 3 yield 1 as remainder.', 'Find the sum of all two-digit numbers which when divided by $3$ yield $1$ as remainder.', 0, NULL, NULL, '{"steps":["Sequence: 10, 13, 16, ..., 97","a = 10, d = 3, an = 97","an = a + (n-1)d","97 = 10 + (n-1)3","87 = 3(n-1) => 29 = n-1 => n = 30","Sum = n/2 [a + an]","S30 = 30/2 [10 + 97]","S30 = 15 [107]","S30 = 1605"],"steps_latex":["Sequence: $10, 13, 16, \\dots, 97$","$a = 10, d = 3, a_n = 97$","$a_n = a + (n-1)d$","$97 = 10 + (n-1)3$","$87 = 3(n-1) \\Rightarrow 29 = n-1 \\Rightarrow n = 30$","Sum $= \\frac{n}{2} [a + a_n]$","$S_{30} = \\frac{30}{2} [10 + 97]$","$S_{30} = 15 [107]$","$S_{30} = 1605$"],"answer":"1605"}', NULL, NULL, NULL, 24);
INSERT INTO questions (id, set_id, type, marks, difficulty, question_text, question_latex, has_diagram, diagram_svg, options_json, solution_json, unit, topic, case_study_json, sort_order) VALUES ('cbse-10-math-full-01-U5-Filler-Q39', 'cbse-10-math-full-01', 'SA', 3, 0.5, 'Prove that: (sin A + cosec A)² + (cos A + sec A)² = 7 + tan² A + cot² A', NULL, 0, NULL, NULL, '{"steps":["Expand terms:","(sin²A + cosec²A + 2) + (cos²A + sec²A + 2)","(sin²A + cos²A) + (cosec²A + sec²A) + 4","1 + (1 + cot²A) + (1 + tan²A) + 4","1 + 1 + 1 + 4 + cot²A + tan²A","7 + tan² A + cot² A"],"answer":"Proven"}', 'Trigonometry', NULL, NULL, 25);
INSERT INTO questions (id, set_id, type, marks, difficulty, question_text, question_latex, has_diagram, diagram_svg, options_json, solution_json, unit, topic, case_study_json, sort_order) VALUES ('cbse-10-math-full-01-U1-B1A-Q04', 'cbse-10-math-full-01', 'SA', 3, 0.5, 'Find the HCF and LCM of 404 and 96 and verify that HCF × LCM = Product of the two given numbers.', 'Find the HCF and LCM of $404$ and $96$ and verify that $\text{HCF} \times \text{LCM} = \text{Product of the two given numbers}$.', 0, NULL, NULL, '{"steps":["Prime factorization of 404 = 2² × 101","Prime factorization of 96 = 2^5 × 3","HCF = 2² = 4","LCM = 2^5 × 3 × 101 = 32 × 3 × 101 = 9696","Verification: HCF × LCM = 4 × 9696 = 38784","Product of numbers = 404 × 96 = 38784","Hence verified."],"steps_latex":["Prime factorization of $404 = 2^2 \\times 101$","Prime factorization of $96 = 2^5 \\times 3$","$\\text{HCF} = 2^2 = 4$","$\\text{LCM} = 2^5 \\times 3 \\times 101 = 32 \\times 3 \\times 101 = 9696$","Verification: $\\text{HCF} \\times \\text{LCM} = 4 \\times 9696 = 38784$","Product of numbers $= 404 \\times 96 = 38784$","Hence verified."],"answer":"HCF=4, LCM=9696"}', NULL, NULL, NULL, 26);
INSERT INTO questions (id, set_id, type, marks, difficulty, question_text, question_latex, has_diagram, diagram_svg, options_json, solution_json, unit, topic, case_study_json, sort_order) VALUES ('cbse-10-math-full-01-U6-B6A-Q01', 'cbse-10-math-full-01', 'SA', 3, 0.5, 'A toy is in the form of a cone of radius 3.5 cm mounted on a hemisphere of same radius. The total height of the toy is 15.5 cm. Find the total surface area of the toy.', 'A toy is in the form of a cone of radius $3.5\text{ cm}$ mounted on a hemisphere of same radius. The total height of the toy is $15.5\text{ cm}$. Find the total surface area of the toy.', 0, NULL, NULL, '{"steps":["Radius r = 3.5 cm = 7/2 cm","Total height = 15.5 cm","Height of cone h = Total - r = 15.5 - 3.5 = 12 cm","Slant height l = √(r² + h²) = √(12.25 + 144) = √156.25 = 12.5 cm","TSA = CSA of Cone + CSA of Hemisphere","TSA = πrl + 2πr²","TSA = πr(l + 2r)","TSA = (22/7) × 3.5 × (12.5 + 7)","TSA = 11 × 19.5 = 214.5 cm²"],"steps_latex":["Radius $r = 3.5\\text{ cm} = \\frac{7}{2}\\text{ cm}$","Total height $= 15.5\\text{ cm}$","Height of cone $h = \\text{Total} - r = 15.5 - 3.5 = 12\\text{ cm}$","Slant height $l = \\sqrt{r^2 + h^2} = \\sqrt{12.25 + 144} = \\sqrt{156.25} = 12.5\\text{ cm}$","TSA = CSA of Cone + CSA of Hemisphere","$\\text{TSA} = \\pi rl + 2\\pi r^2 = \\pi r(l + 2r)$","$\\text{TSA} = \\frac{22}{7} \\times 3.5 \\times (12.5 + 7)$","$\\text{TSA} = 11 \\times 19.5 = 214.5\\text{ cm}^2$"],"answer":"214.5 cm²"}', NULL, NULL, NULL, 27);
INSERT INTO questions (id, set_id, type, marks, difficulty, question_text, question_latex, has_diagram, diagram_svg, options_json, solution_json, unit, topic, case_study_json, sort_order) VALUES ('cbse-10-math-full-01-U1-B1B-Q03', 'cbse-10-math-full-01', 'SA', 3, 0.6, 'Prove that 5 - 2√3 is an irrational number, given that √3 is irrational.', NULL, 0, NULL, NULL, '{"steps":["Let 5 - 2√3 be rational equal to a/b where a,b are co-prime integers.","5 - a/b = 2√3","(5b - a)/b = 2√3","(5b - a)/2b = √3","LHS is rational because a,b are integers.","RHS (√3) is given irrational.","Rational ≠ Irrational (Contradiction).","Therefore, assumption is wrong. 5 - 2√3 is irrational."],"answer":"Proven irrational"}', NULL, NULL, NULL, 28);
INSERT INTO questions (id, set_id, type, marks, difficulty, question_text, question_latex, has_diagram, diagram_svg, options_json, solution_json, unit, topic, case_study_json, sort_order) VALUES ('cbse-10-math-full-01-U5-B5B-Q01', 'cbse-10-math-full-01', 'LA', 5, 0.6, 'As observed from the top of a 75 m high lighthouse from the sea-level, the angles of depression of two ships are 30° and 45°. If one ship is exactly behind the other on the same side of the lighthouse, find the distance between the two ships.', NULL, 1, '<svg viewBox=''0 0 320 190'' xmlns=''http://www.w3.org/2000/svg''><line x1=''60'' y1=''20'' x2=''60'' y2=''150'' stroke=''black'' stroke-width=''5''/><line x1=''60'' y1=''150'' x2=''300'' y2=''150'' stroke=''blue'' stroke-width=''3''/><line x1=''60'' y1=''20'' x2=''160'' y2=''150'' stroke=''black'' stroke-dasharray=''5 3'' stroke-width=''2''/><line x1=''60'' y1=''20'' x2=''260'' y2=''150'' stroke=''black'' stroke-dasharray=''5 3'' stroke-width=''2''/><text x=''50'' y=''25'' font-size=''14'' font-weight=''bold''>A</text><text x=''50'' y=''155'' font-size=''14'' font-weight=''bold''>B</text><text x=''160'' y=''175'' font-size=''13'' text-anchor=''middle''>D (45°)</text><text x=''260'' y=''175'' font-size=''13'' text-anchor=''middle''>C (30°)</text></svg>', NULL, '{"steps":["Let lighthouse be AB = 75m.","Let ships be at points C and D (D is closer).","Angle of elevation for D = 45° (Alt interior to depression)","Angle of elevation for C = 30°","In ΔABD: tan 45° = AB/BD => 1 = 75/BD => BD = 75m","In ΔABC: tan 30° = AB/BC => 1/√3 = 75/BC => BC = 75√3 m","Distance between ships CD = BC - BD","CD = 75√3 - 75 = 75(√3 - 1) m","Using √3 ≈ 1.732: 75(0.732) = 54.9 m"],"answer":"75(√3 - 1) m"}', NULL, NULL, NULL, 29);
INSERT INTO questions (id, set_id, type, marks, difficulty, question_text, question_latex, has_diagram, diagram_svg, options_json, solution_json, unit, topic, case_study_json, sort_order) VALUES ('cbse-10-math-full-01-U2-B2C-Q02', 'cbse-10-math-full-01', 'LA', 5, 0.7, 'A motor boat whose speed is 18 km/h in still water takes 1 hour more to go 24 km upstream than to return downstream to the same spot. Find the speed of the stream.', 'A motor boat whose speed is $18\text{ km/h}$ in still water takes $1\text{ hour}$ more to go $24\text{ km}$ upstream than to return downstream to the same spot. Find the speed of the stream.', 0, NULL, NULL, '{"steps":["Speed of boat = 18 km/h. Let speed of stream = x km/h.","Upstream speed = 18-x. Downstream speed = 18+x.","Time Up = 24/(18-x). Time Down = 24/(18+x).","Difference: 24/(18-x) - 24/(18+x) = 1","24 [ (18+x - (18-x)) / (18² - x²) ] = 1","24 [ 2x ] = 324 - x²","48x = 324 - x²","x² + 48x - 324 = 0","Using Quadratic formula: D = 48² - 4(1)(-324) = 2304 + 1296 = 3600","√D = 60","x = (-48 ± 60) / 2","x = 12/2 = 6 or x = -108/2 (Reject negative)","Speed of stream = 6 km/h"],"steps_latex":["Speed of boat $= 18\\text{ km/h}$. Let speed of stream $= x\\text{ km/h}$","Upstream speed $= 18-x$. Downstream speed $= 18+x$","Time Up $= \\frac{24}{18-x}$. Time Down $= \\frac{24}{18+x}$","Difference: $\\frac{24}{18-x} - \\frac{24}{18+x} = 1$","$24 [ \\frac{18+x - (18-x)}{18^2 - x^2} ] = 1$","$24 [ \\frac{2x}{324 - x^2} ] = 1$","$48x = 324 - x^2$","$x^2 + 48x - 324 = 0$","Using Quadratic formula: $D = 48^2 - 4(1)(-324) = 2304 + 1296 = 3600$","$\\sqrt{D} = 60$","$x = \\frac{-48 \\pm 60}{2}$","$x = \\frac{12}{2} = 6$ or $x = -54$ (Reject negative)","Speed of stream $= 6\\text{ km/h}$"],"answer":"6 km/h"}', NULL, NULL, NULL, 30);
INSERT INTO questions (id, set_id, type, marks, difficulty, question_text, question_latex, has_diagram, diagram_svg, options_json, solution_json, unit, topic, case_study_json, sort_order) VALUES ('cbse-10-math-full-01-U4-B4B-Q02', 'cbse-10-math-full-01', 'LA', 5, 0.7, 'A triangle ABC is drawn to circumscribe a circle of radius 4 cm such that the segments BD and DC into which BC is divided by the point of contact D are of lengths 8 cm and 6 cm respectively. Find the sides AB and AC.', NULL, 1, '<svg viewBox=''0 0 200 180'' xmlns=''http://www.w3.org/2000/svg''><circle cx=''100'' cy=''90'' r=''30'' stroke=''black'' fill=''none'' stroke-width=''2''/><path d=''M 10,150 L 190,150 L 100,10 Z'' stroke=''black'' fill=''none'' stroke-width=''2''/><text x=''100'' y=''5'' font-size=''12'' text-anchor=''middle''>A</text><text x=''5'' y=''155'' font-size=''12'' text-anchor=''middle''>B</text><text x=''195'' y=''155'' font-size=''12'' text-anchor=''middle''>C</text><text x=''100'' y=''165'' font-size=''12'' text-anchor=''middle''>D</text><line x1=''100'' y1=''90'' x2=''100'' y2=''150'' stroke=''black'' stroke-dasharray=''4''/></svg>', NULL, '{"steps":["Let point of contacts be E on AC and F on AB.","CD = CE = 6 cm, BD = BF = 8 cm (Tangents from external point)","Let AF = AE = x","Sides: a = 14, b = x+6, c = x+8","s = (14 + x + 6 + x + 8)/2 = 14 + x","Area = √(s(s-a)(s-b)(s-c)) = √((14+x)(x)(8)(6)) = √(48x(14+x))","Also Area = Area(OBC) + Area(OCA) + Area(OAB) = 1/2(4)(14 + x+6 + x+8)","Area = 2(28 + 2x) = 4(14+x)","Equating: 16(14+x)² = 48x(14+x)","Divide by 16(14+x): (14+x) = 3x => 2x = 14 => x = 7","AB = x + 8 = 15 cm","AC = x + 6 = 13 cm"],"answer":"AB = 15 cm, AC = 13 cm"}', NULL, NULL, NULL, 31);
INSERT INTO questions (id, set_id, type, marks, difficulty, question_text, question_latex, has_diagram, diagram_svg, options_json, solution_json, unit, topic, case_study_json, sort_order) VALUES ('cbse-10-math-full-01-U4-CS-Q36', 'cbse-10-math-full-01', 'CaseStudy', 4, 0.6, '', NULL, 0, NULL, NULL, '{}', 'Geometry', 'Triangles', '{"title":"Kite Festival","context_plain":"During a kite festival, a kite is flying at a height of 60m above the ground. The string attached to the kite is temporarily tied to a point on the ground. The inclination of the string with the ground is 60°. At the same time, another kite is flying such that its string makes an angle of 45° with the ground.","has_diagram":true,"visual_diagram":{"diagram_type":"geometric","svg_code":"<svg viewBox=''0 0 300 200'' xmlns=''http://www.w3.org/2000/svg''>\n  <!-- Sky Background -->\n  <rect width=''300'' height=''200'' fill=''#f0f8ff''/>\n  <!-- Ground -->\n  <rect y=''180'' width=''300'' height=''20'' fill=''#90ee90''/>\n  \n  <!-- Kite String -->\n  <line x1=''50'' y1=''180'' x2=''200'' y2=''50'' stroke=''#555'' stroke-width=''2'' stroke-dasharray=''5,5''/>\n  \n  <!-- Kite Body -->\n  <path d=''M200,50 L220,70 L200,100 L180,70 Z'' fill=''#ff6b6b'' stroke=''#c0392b'' stroke-width=''2''/>\n  <line x1=''180'' y1=''70'' x2=''220'' y2=''70'' stroke=''#c0392b''/>\n  <line x1=''200'' y1=''50'' x2=''200'' y2=''100'' stroke=''#c0392b''/>\n  \n  <!-- Measurements -->\n  <text x=''110'' y=''110'' font-family=''Arial'' font-size=''14'' fill=''#333''>Length L</text>\n  <text x=''240'' y=''80'' font-family=''Arial'' font-size=''14'' fill=''#333''>Height 60m</text>\n  \n  <!-- Height Line -->\n  <line x1=''200'' y1=''50'' x2=''200'' y2=''180'' stroke=''#333'' stroke-dasharray=''2,2''/>\n  \n  <!-- Angle -->\n  <path d=''M80,180 A30,30 0 0,0 75,158'' fill=''none'' stroke=''black''/>\n  <text x=''90'' y=''170'' font-size=''12''>60°</text>\n</svg>","description":"Two triangles representing kite strings"},"sub_questions":[{"part":"i","marks":1,"question":{"text_plain":"Find the length of the string of the first kite (assuming no slack)."},"answer":{"correct_answer_plain":"40√3 m"},"solution":{"steps":["Height h = 60.","Angle = 60°.","sin 60° = h/L","√3/2 = 60/L","L = 120/√3 = 40√3 m"]}},{"part":"ii","marks":1,"question":{"text_plain":"If the second kite is also at height 60m, find its string length."},"answer":{"correct_answer_plain":"60√2 m"},"solution":{"steps":["sin 45° = 60/L","1/√2 = 60/L","L = 60√2 m"]}},{"part":"iii","marks":2,"question":{"text_plain":"If the two kites are on opposite sides of the tying point, find the distance between the kites along the horizontal ground."},"answer":{"correct_answer_plain":"60(1 + 1/√3) m"},"solution":{"steps":["Base1 (tan 60) = 60/B1 => √3 = 60/B1 => B1 = 20√3.","Base2 (tan 45) = 60/B2 => 1 = 60/B2 => B2 = 60.","Total Dist = 60 + 20√3 = 20(3 + √3) m."]}}]}', 32);
INSERT INTO questions (id, set_id, type, marks, difficulty, question_text, question_latex, has_diagram, diagram_svg, options_json, solution_json, unit, topic, case_study_json, sort_order) VALUES ('cbse-10-math-full-01-U2-CS-Q37', 'cbse-10-math-full-01', 'CaseStudy', 4, 0.5, '', NULL, 0, NULL, NULL, '{}', 'Algebra', 'Arithmetic Progressions', '{"title":"Savings Scheme","context_plain":"Reena starts a savings scheme. She saves ₹100 in the first month, ₹120 in the second month, ₹140 in the third month, and so on. Her savings increase by a fixed amount every month.","has_diagram":false,"visual_diagram":null,"sub_questions":[{"part":"i","marks":1,"question":{"text_plain":"Find the amount she saves in the 10th month."},"answer":{"correct_answer_plain":"₹280"},"solution":{"steps":["a=100, d=20.","a10 = a+9d","100 + 9(20) = 280"]}},{"part":"ii","marks":1,"question":{"text_plain":"Find the total savings in 12 months."},"answer":{"correct_answer_plain":"₹2520"},"solution":{"steps":["S12 = 12/2 [2a + 11d]","6 [200 + 220]","6 [420] = 2520"]}},{"part":"iii","marks":2,"question":{"text_plain":"In which month will her monthly saving be ₹400?"},"answer":{"correct_answer_plain":"16th Month"},"solution":{"steps":["an = 400","a + (n-1)d = 400","100 + (n-1)20 = 400","(n-1)20 = 300","n-1 = 15","n = 16"]}}]}', 33);
INSERT INTO questions (id, set_id, type, marks, difficulty, question_text, question_latex, has_diagram, diagram_svg, options_json, solution_json, unit, topic, case_study_json, sort_order) VALUES ('cbse-10-math-full-01-U7-CS-Q38', 'cbse-10-math-full-01', 'CaseStudy', 4, 0.4, '', NULL, 0, NULL, NULL, '{}', 'Statistics & Probability', 'Probability', '{"title":"Blood Donation Camp","context_plain":"In a blood donation camp, 50 donors participated. Their blood groups are recorded: 20 have Type A, 15 have Type B, 10 have Type O, and 5 have Type AB.","has_diagram":false,"visual_diagram":{"diagram_type":"geometric","svg_code":"<svg viewBox=''0 0 300 150'' xmlns=''http://www.w3.org/2000/svg''>\n  <rect width=''300'' height=''150'' fill=''#fff0f0''/>\n  \n  <!-- Drops -->\n  <path transform=''translate(50, 40) scale(2)'' d=''M10,0 C10,0 0,6 0,12 A10,10 0 1,0 20,12 C20,6 10,0 10,0'' fill=''#ff0000''/>\n  <text x=''60'' y=''100'' text-anchor=''middle'' font-weight=''bold''>Type A</text>\n  <text x=''60'' y=''120'' text-anchor=''middle''>20</text>\n  \n  <path transform=''translate(150, 40) scale(2)'' d=''M10,0 C10,0 0,6 0,12 A10,10 0 1,0 20,12 C20,6 10,0 10,0'' fill=''#cc0000''/>\n  <text x=''160'' y=''100'' text-anchor=''middle'' font-weight=''bold''>Type B</text>\n  <text x=''160'' y=''120'' text-anchor=''middle''>15</text>\n  \n  <path transform=''translate(250, 40) scale(2)'' d=''M10,0 C10,0 0,6 0,12 A10,10 0 1,0 20,12 C20,6 10,0 10,0'' fill=''#990000''/>\n  <text x=''260'' y=''100'' text-anchor=''middle'' font-weight=''bold''>Type O</text>\n  <text x=''260'' y=''120'' text-anchor=''middle''>10</text>\n</svg>","description":null},"sub_questions":[{"part":"i","marks":1,"question":{"text_plain":"Find the probability that a randomly selected donor has Type O blood."},"answer":{"correct_answer_plain":"1/5"},"solution":{"steps":["Total = 50. Type O = 10.","P(O) = 10/50 = 1/5"]}},{"part":"ii","marks":1,"question":{"text_plain":"Find the probability that a donor has Type A or Type B blood."},"answer":{"correct_answer_plain":"7/10"},"solution":{"steps":["Type A + Type B = 20 + 15 = 35.","P(A or B) = 35/50 = 7/10"]}},{"part":"iii","marks":2,"question":{"text_plain":"What is the probability that a donor does NOT have Type AB?"},"answer":{"correct_answer_plain":"9/10"},"solution":{"steps":["P(Not AB) = 1 - P(AB)","Type AB = 5.","P(AB) = 5/50 = 1/10.","1 - 1/10 = 9/10"]}}]}', 34);
INSERT INTO questions (id, set_id, type, marks, difficulty, question_text, question_latex, has_diagram, diagram_svg, options_json, solution_json, unit, topic, case_study_json, sort_order) VALUES ('cbse-10-math-full-01-U7-B7A-Q01', 'cbse-10-math-full-01', 'LA', 5, 0.5, 'If the median of the distribution given below is 28.5, find the values of x and y.
Class Interval: 0-10, 10-20, 20-30, 30-40, 40-50, 50-60
Frequency: 5, x, 20, 15, y, 5
Total Frequency = 60', NULL, 0, NULL, NULL, '{"steps":["Cumulative Frequencies: 5, 5+x, 25+x, 40+x, 40+x+y, 45+x+y","Total N = 60 => 45+x+y = 60 => x+y = 15 --- (i)","Median = 28.5, so Median Class is 20-30.","l=20, h=10, f=20, cf=5+x, N/2=30","Median = l + [(N/2 - cf)/f] × h","28.5 = 20 + [(30 - (5+x))/20] × 10","8.5 = (25-x)/2","17 = 25 - x","x = 8","From (i): 8 + y = 15 => y = 7"],"answer":"x = 8, y = 7"}', NULL, NULL, NULL, 35);
INSERT INTO questions (id, set_id, type, marks, difficulty, question_text, question_latex, has_diagram, diagram_svg, options_json, solution_json, unit, topic, case_study_json, sort_order) VALUES ('cbse-10-math-full-01-U6-B6B-Q01', 'cbse-10-math-full-01', 'LA', 5, 0.7, 'A solid iron pole consists of a cylinder of height 220 cm and base diameter 24 cm, which is surmounted by another cylinder of height 60 cm and radius 8 cm. Find the mass of the pole, given that 1 cm³ of iron has approximately 8g mass. (Use π = 3.14)', NULL, 0, NULL, NULL, '{"steps":["Large Cylinder: H = 220, R = 12. Volume V1 = πR²H","V1 = 3.14 × 144 × 220 = 99475.2 cm³","Small Cylinder: h = 60, r = 8. Volume V2 = πr²h","V2 = 3.14 × 64 × 60 = 12057.6 cm³","Total Volume = V1 + V2 = 111532.8 cm³","Mass = Volume × Density = 111532.8 × 8 g","Mass = 892262.4 g = 892.26 kg"],"answer":"892.26 kg"}', NULL, NULL, NULL, 36);

-- Exam Set 2
INSERT INTO exam_sets (id, exam_type, grade, subject, test_type, name, total_questions, total_marks, duration_minutes, is_free) VALUES ('cbse-10-math-full-02', 'CBSE', '10', 'mathematics', 'full', 'CBSE Class 10 Mathematics - Full Mock Test 2', 38, 80, 90, 1);

-- Questions
INSERT INTO questions (id, set_id, type, marks, difficulty, question_text, question_latex, has_diagram, diagram_svg, options_json, solution_json, unit, topic, case_study_json, sort_order) VALUES ('cbse-10-math-full-02-U2-B2A-Q01', 'cbse-10-math-full-02', 'MCQ', 1, 0.4, 'If the sum of the zeroes of the quadratic polynomial kx² + 2x + 3k is equal to their product, then k equals:', 'If the sum of the zeroes of the quadratic polynomial $kx^2 + 2x + 3k$ is equal to their product, then $k$ equals:', 0, NULL, '[{"id":"A","text":"1/3","is_correct":false},{"id":"B","text":"-1/3","is_correct":false},{"id":"C","text":"-2/3","is_correct":true},{"id":"D","text":"2/3","is_correct":false}]', '{"steps":["Sum of zeroes (α+β) = -b/a = -2/k","Product of zeroes (αβ) = c/a = 3k/k = 3","Given Sum = Product => -2/k = 3","k = -2/3"],"steps_latex":["Sum of zeroes $(\\alpha+\\beta) = -\\frac{b}{a} = -\\frac{2}{k}$","Product of zeroes $(\\alpha\\beta) = \\frac{c}{a} = \\frac{3k}{k} = 3$","Given Sum = Product $\\Rightarrow -\\frac{2}{k} = 3$","$k = -\\frac{2}{3}$"],"answer":{"correct_option":"C","correct_answer_latex":"$-\\frac{2}{3}$"}}', NULL, NULL, NULL, 1);
INSERT INTO questions (id, set_id, type, marks, difficulty, question_text, question_latex, has_diagram, diagram_svg, options_json, solution_json, unit, topic, case_study_json, sort_order) VALUES ('cbse-10-math-full-02-U3-B3A-Q01', 'cbse-10-math-full-02', 'MCQ', 1, 0.4, 'The distance of the point P(2, 3) from the x-axis is:', 'The distance of the point $P(2, 3)$ from the $x$-axis is:', 0, NULL, '[{"id":"A","text":"2","is_correct":false},{"id":"B","text":"3","is_correct":true},{"id":"C","text":"1","is_correct":false},{"id":"D","text":"5","is_correct":false}]', '{"steps":["Distance from x-axis is the absolute value of the y-coordinate.","y-coordinate = 3","Distance = 3 units"],"steps_latex":["Distance of a point $(x, y)$ from $x$-axis is $|y|$.","Here $y = 3$.","Distance $= 3$ units"],"answer":{"correct_option":"B","correct_answer_latex":"$3$"}}', NULL, NULL, NULL, 2);
INSERT INTO questions (id, set_id, type, marks, difficulty, question_text, question_latex, has_diagram, diagram_svg, options_json, solution_json, unit, topic, case_study_json, sort_order) VALUES ('cbse-10-math-full-02-U5-B5A-Q01', 'cbse-10-math-full-02', 'MCQ', 1, 0.4, 'If tan A = 4/3, then sin A is:', 'If $\tan A = \frac{4}{3}$, then $\sin A$ is:', 0, NULL, '[{"id":"A","text":"3/5","is_correct":false},{"id":"B","text":"4/5","is_correct":true},{"id":"C","text":"3/4","is_correct":false},{"id":"D","text":"4/3","is_correct":false}]', '{"steps":["tan A = P/B = 4/3","Let P = 4k, B = 3k","H^2 = P^2 + B^2 = 16k^2 + 9k^2 = 25k^2","H = 5k","sin A = P/H = 4k/5k = 4/5"],"steps_latex":["$\\tan A = \\frac{P}{B} = \\frac{4}{3}$","Let $P = 4k, B = 3k$","$H^2 = P^2 + B^2 = (4k)^2 + (3k)^2 = 25k^2$","$H = 5k$","$\\sin A = \\frac{P}{H} = \\frac{4k}{5k} = \\frac{4}{5}$"],"answer":{"correct_option":"B","correct_answer_latex":"$\\frac{4}{5}$"}}', NULL, NULL, NULL, 3);
INSERT INTO questions (id, set_id, type, marks, difficulty, question_text, question_latex, has_diagram, diagram_svg, options_json, solution_json, unit, topic, case_study_json, sort_order) VALUES ('cbse-10-math-full-02-U4-B4A-Q01', 'cbse-10-math-full-02', 'MCQ', 1, 0.5, 'In triangle ABC, DE || BC. If AD = 1.5 cm, DB = 3 cm, AE = 1 cm, then EC is:', 'In $\triangle ABC$, $DE \parallel BC$. If $AD = 1.5\text{ cm}, DB = 3\text{ cm}, AE = 1\text{ cm}$, then $EC$ is:', 1, '<svg viewBox=''0 0 200 200''><polygon points=''100,20 40,180 160,180'' stroke=''black'' fill=''none'' stroke-width=''2''/><line x1=''70'' y1=''100'' x2=''130'' y2=''100'' stroke=''black'' stroke-width=''2''/><text x=''100'' y=''15'' font-size=''12''>A</text><text x=''30'' y=''190'' font-size=''12''>B</text><text x=''170'' y=''190'' font-size=''12''>C</text><text x=''60'' y=''100'' font-size=''12''>D</text><text x=''135'' y=''100'' font-size=''12''>E</text></svg>', '[{"id":"A","text":"2 cm","is_correct":true},{"id":"B","text":"3 cm","is_correct":false},{"id":"C","text":"4 cm","is_correct":false},{"id":"D","text":"2.5 cm","is_correct":false}]', '{"steps":["By BPT: AD/DB = AE/EC","1.5/3 = 1/EC","1/2 = 1/EC","EC = 2 cm"],"steps_latex":["By Basic Proportionality Theorem (BPT): $\\frac{AD}{DB} = \\frac{AE}{EC}$","$\\frac{1.5}{3} = \\frac{1}{EC}$","$\\frac{1}{2} = \\frac{1}{EC}$","$EC = 2\\text{ cm}$"],"answer":{"correct_option":"A","correct_answer_latex":"$2\\text{ cm}$"}}', NULL, NULL, NULL, 4);
INSERT INTO questions (id, set_id, type, marks, difficulty, question_text, question_latex, has_diagram, diagram_svg, options_json, solution_json, unit, topic, case_study_json, sort_order) VALUES ('cbse-10-math-full-02-U2-B2B-Q01', 'cbse-10-math-full-02', 'MCQ', 1, 0.4, 'The pair of equations x + 2y + 5 = 0 and -3x - 6y + 1 = 0 have:', 'The pair of equations $x + 2y + 5 = 0$ and $-3x - 6y + 1 = 0$ have:', 0, NULL, '[{"id":"A","text":"a unique solution","is_correct":false},{"id":"B","text":"exactly two solutions","is_correct":false},{"id":"C","text":"infinitely many solutions","is_correct":false},{"id":"D","text":"no solution","is_correct":true}]', '{"steps":["a1/a2 = 1/-3","b1/b2 = 2/-6 = 1/-3","c1/c2 = 5/1","a1/a2 = b1/b2 ≠ c1/c2 => Parallel lines => No solution"],"steps_latex":["$\\frac{a_1}{a_2} = \\frac{1}{-3} = -\\frac{1}{3}$","$\\frac{b_1}{b_2} = \\frac{2}{-6} = -\\frac{1}{3}$","$\\frac{c_1}{c_2} = \\frac{5}{1} = 5$","Since $\\frac{a_1}{a_2} = \\frac{b_1}{b_2} \\neq \\frac{c_1}{c_2}$, lines are parallel.","Therefore, the system has **No solution**."],"answer":{"correct_option":"D","correct_answer_latex":"\\text{No solution}"}}', NULL, NULL, NULL, 5);
INSERT INTO questions (id, set_id, type, marks, difficulty, question_text, question_latex, has_diagram, diagram_svg, options_json, solution_json, unit, topic, case_study_json, sort_order) VALUES ('cbse-10-math-full-02-U2-B2D-Q01', 'cbse-10-math-full-02', 'MCQ', 1, 0.3, 'Which term of the AP: 3, 8, 13, 18, ... is 78?', 'Which term of the AP: $3, 8, 13, 18, \dots$ is $78$?', 0, NULL, '[{"id":"A","text":"12th","is_correct":false},{"id":"B","text":"13th","is_correct":false},{"id":"C","text":"15th","is_correct":false},{"id":"D","text":"16th","is_correct":true}]', '{"steps":["a=3, d=8-3=5, an=78","an = a + (n-1)d","78 = 3 + (n-1)5","75 = 5(n-1) => 15 = n-1","n = 16"],"steps_latex":["$a=3, d=5, a_n=78$","$a_n = a + (n-1)d$","$78 = 3 + (n-1)5$","$75 = 5(n-1) \\Rightarrow 15 = n-1$","$n = 16$"],"answer":{"correct_option":"D","correct_answer_latex":"16^{\\text{th}}"}}', NULL, NULL, NULL, 6);
INSERT INTO questions (id, set_id, type, marks, difficulty, question_text, question_latex, has_diagram, diagram_svg, options_json, solution_json, unit, topic, case_study_json, sort_order) VALUES ('cbse-10-math-full-02-U1-B1A-Q01', 'cbse-10-math-full-02', 'MCQ', 1, 0.3, 'The HCF of 135 and 225 is:', 'The HCF of $135$ and $225$ is:', 0, NULL, '[{"id":"A","text":"135","is_correct":false},{"id":"B","text":"15","is_correct":false},{"id":"C","text":"45","is_correct":true},{"id":"D","text":"25","is_correct":false}]', '{"steps":["135 = 3 × 3 × 3 × 5","225 = 3 × 3 × 5 × 5","Common factors: 3, 3, 5","HCF = 3 × 3 × 5 = 45"],"steps_latex":["$135 = 3^3 \\times 5$","$225 = 3^2 \\times 5^2$","HCF $= 3^2 \\times 5 = 9 \\times 5 = 45$"],"answer":{"correct_option":"C","correct_answer_latex":"$45$"}}', NULL, NULL, NULL, 7);
INSERT INTO questions (id, set_id, type, marks, difficulty, question_text, question_latex, has_diagram, diagram_svg, options_json, solution_json, unit, topic, case_study_json, sort_order) VALUES ('cbse-10-math-full-02-U1-B1A-Q02', 'cbse-10-math-full-02', 'MCQ', 1, 0.4, 'If the HCF of 65 and 117 is expressible in the form 65m - 117, then the value of m is:', 'If the HCF of $65$ and $117$ is expressible in the form $65m - 117$, then the value of $m$ is:', 0, NULL, '[{"id":"A","text":"4","is_correct":false},{"id":"B","text":"2","is_correct":true},{"id":"C","text":"1","is_correct":false},{"id":"D","text":"3","is_correct":false}]', '{"steps":["HCF(65, 117) = 13","65m - 117 = 13","65m = 130","m = 2"],"steps_latex":["$\\text{HCF}(65, 117) = 13$","$65m - 117 = 13$","$65m = 130$","$m = 2$"],"answer":{"correct_option":"B","correct_answer_latex":"$2$"}}', NULL, NULL, NULL, 8);
INSERT INTO questions (id, set_id, type, marks, difficulty, question_text, question_latex, has_diagram, diagram_svg, options_json, solution_json, unit, topic, case_study_json, sort_order) VALUES ('cbse-10-math-full-02-U7-B7A-Q01', 'cbse-10-math-full-02', 'MCQ', 1, 0.4, 'The relationship between Mean, Median and Mode is:', 'The relationship between Mean, Median and Mode is:', 0, NULL, '[{"id":"A","text":"Mode = 3 Median - 2 Mean","is_correct":true},{"id":"B","text":"Mode = 2 Median - 3 Mean","is_correct":false},{"id":"C","text":"Mode = Median - Mean","is_correct":false},{"id":"D","text":"Mode = 3 Mean - 2 Median","is_correct":false}]', '{"steps":["Empirical relationship: 3 Median = Mode + 2 Mean","Rearranging: Mode = 3 Median - 2 Mean"],"steps_latex":["Empirical relationship: $3 \\text{ Median} = \\text{Mode} + 2 \\text{ Mean}$","Rearranging: $\\text{Mode} = 3 \\text{ Median} - 2 \\text{ Mean}$"],"answer":{"correct_option":"A","correct_answer_latex":"$\\text{Mode} = 3 \\text{ Median} - 2 \\text{ Mean}$"}}', NULL, NULL, NULL, 9);
INSERT INTO questions (id, set_id, type, marks, difficulty, question_text, question_latex, has_diagram, diagram_svg, options_json, solution_json, unit, topic, case_study_json, sort_order) VALUES ('cbse-10-math-full-02-U6-B6A-Q01', 'cbse-10-math-full-02', 'MCQ', 1, 0.4, 'The area of a sector of a circle with radius 6 cm and angle 60 degrees is:', 'The area of a sector of a circle with radius $6\text{ cm}$ and angle $60^\circ$ is:', 0, NULL, '[{"id":"A","text":"132/7 cm^2","is_correct":true},{"id":"B","text":"154/7 cm^2","is_correct":false},{"id":"C","text":"66 cm^2","is_correct":false},{"id":"D","text":"22 cm^2","is_correct":false}]', '{"steps":["Area = (theta/360) * pi * r^2","=(60/360) * (22/7) * 36","=(1/6) * (22/7) * 36","= 6 * 22/7 = 132/7"],"steps_latex":["Area $= \\frac{\\theta}{360} \\pi r^2$","$= \\frac{60}{360} \\times \\frac{22}{7} \\times 6^2$","$= \\frac{1}{6} \\times \\frac{22}{7} \\times 36$","$= \\frac{22}{7} \\times 6 = \\frac{132}{7}\\text{ cm}^2$"],"answer":{"correct_option":"A","correct_answer_latex":"$\\frac{132}{7}\\text{ cm}^2$"}}', NULL, NULL, NULL, 10);
INSERT INTO questions (id, set_id, type, marks, difficulty, question_text, question_latex, has_diagram, diagram_svg, options_json, solution_json, unit, topic, case_study_json, sort_order) VALUES ('cbse-10-math-full-02-U1-Gap-Q01', 'cbse-10-math-full-02', 'MCQ', 1, 0.3, 'The LCM of smallest two-digit composite number and smallest composite number is:', 'The LCM of smallest two-digit composite number and smallest composite number is:', 0, NULL, '[{"id":"A","text":"12","is_correct":false},{"id":"B","text":"4","is_correct":false},{"id":"C","text":"20","is_correct":true},{"id":"D","text":"44","is_correct":false}]', '{"steps":["Smallest two-digit composite number = 10","Smallest composite number = 4","LCM(10, 4) = 20"],"steps_latex":["Smallest two-digit composite number $= 10$","Smallest composite number $= 4$","$\\text{LCM}(10, 4) = 20$"],"answer":{"correct_option":"C","correct_answer_latex":"$20$"}}', NULL, NULL, NULL, 11);
INSERT INTO questions (id, set_id, type, marks, difficulty, question_text, question_latex, has_diagram, diagram_svg, options_json, solution_json, unit, topic, case_study_json, sort_order) VALUES ('cbse-10-math-full-02-U2-Gap-Q02', 'cbse-10-math-full-02', 'MCQ', 1, 0.4, 'The graph of y = p(x) for a polynomial p(x) is a parabola opening downwards. The number of zeroes is equal to the number of points where the graph intersects:', 'The graph of $y = p(x)$ for a polynomial $p(x)$ is a parabola opening downwards. The number of zeroes is equal to the number of points where the graph intersects:', 0, NULL, '[{"id":"A","text":"x-axis","is_correct":true},{"id":"B","text":"y-axis","is_correct":false},{"id":"C","text":"both axes","is_correct":false},{"id":"D","text":"origin","is_correct":false}]', '{"steps":["Zeroes are x-coordinates of intersection with x-axis."],"steps_latex":["Zeroes of a polynomial $p(x)$ correspond to intersection points with the **x-axis**."]}', NULL, NULL, NULL, 12);
INSERT INTO questions (id, set_id, type, marks, difficulty, question_text, question_latex, has_diagram, diagram_svg, options_json, solution_json, unit, topic, case_study_json, sort_order) VALUES ('cbse-10-math-full-02-U2-Gap-Q03', 'cbse-10-math-full-02', 'MCQ', 1, 0.4, 'The value of k for which the system of equations x + 2y = 5 and 3x + ky + 15 = 0 has a unique solution is:', 'The value of $k$ for which the system of equations $x + 2y = 5$ and $3x + ky + 15 = 0$ has a unique solution is:', 0, NULL, '[{"id":"A","text":"k = 6","is_correct":false},{"id":"B","text":"k ≠ 6","is_correct":true},{"id":"C","text":"k = -6","is_correct":false},{"id":"D","text":"k ≠ -6","is_correct":false}]', '{"steps_latex":["For unique solution: $\\frac{a_1}{a_2} \\neq \\frac{b_1}{b_2}$","$\\frac{1}{3} \\neq \\frac{2}{k}$","$k \\neq 6$"]}', NULL, NULL, NULL, 13);
INSERT INTO questions (id, set_id, type, marks, difficulty, question_text, question_latex, has_diagram, diagram_svg, options_json, solution_json, unit, topic, case_study_json, sort_order) VALUES ('cbse-10-math-full-02-U2-Gap-Q04', 'cbse-10-math-full-02', 'MCQ', 1, 0.4, 'Roots of the quadratic equation x^2 - 0.04 = 0 are:', 'Roots of the quadratic equation $x^2 - 0.04 = 0$ are:', 0, NULL, '[{"id":"A","text":"+/- 0.2","is_correct":true},{"id":"B","text":"+/- 0.02","is_correct":false},{"id":"C","text":"0.4","is_correct":false},{"id":"D","text":"0.2","is_correct":false}]', '{"steps_latex":["$x^2 = 0.04$","$x = \\pm \\sqrt{0.04} = \\pm 0.2$"]}', NULL, NULL, NULL, 14);
INSERT INTO questions (id, set_id, type, marks, difficulty, question_text, question_latex, has_diagram, diagram_svg, options_json, solution_json, unit, topic, case_study_json, sort_order) VALUES ('cbse-10-math-full-02-U2-Gap-Q05', 'cbse-10-math-full-02', 'MCQ', 1, 0.3, 'The common difference of the AP: 1/p, (1-p)/p, (1-2p)/p ... is:', 'The common difference of the AP: $\frac{1}{p}, \frac{1-p}{p}, \frac{1-2p}{p} \dots$ is:', 0, NULL, '[{"id":"A","text":"p","is_correct":false},{"id":"B","text":"-p","is_correct":false},{"id":"C","text":"-1","is_correct":true},{"id":"D","text":"1","is_correct":false}]', '{"steps_latex":["$d = a_2 - a_1 = \\frac{1-p}{p} - \\frac{1}{p}$","$d = \\frac{1-p-1}{p} = \\frac{-p}{p} = -1$"]}', NULL, NULL, NULL, 15);
INSERT INTO questions (id, set_id, type, marks, difficulty, question_text, question_latex, has_diagram, diagram_svg, options_json, solution_json, unit, topic, case_study_json, sort_order) VALUES ('cbse-10-math-full-02-U3-Gap-Q06', 'cbse-10-math-full-02', 'MCQ', 1, 0.3, 'The midpoint of the line segment joining the points (-2, 8) and (-6, -4) is:', 'The midpoint of the line segment joining the points $(-2, 8)$ and $(-6, -4)$ is:', 0, NULL, '[{"id":"A","text":"(-4, -6)","is_correct":false},{"id":"B","text":"(2, 6)","is_correct":false},{"id":"C","text":"(-4, 2)","is_correct":true},{"id":"D","text":"(4, 2)","is_correct":false}]', '{"steps_latex":["$M = (\\frac{-2-6}{2}, \\frac{8-4}{2})$","$M = (\\frac{-8}{2}, \\frac{4}{2}) = (-4, 2)$"]}', NULL, NULL, NULL, 16);
INSERT INTO questions (id, set_id, type, marks, difficulty, question_text, question_latex, has_diagram, diagram_svg, options_json, solution_json, unit, topic, case_study_json, sort_order) VALUES ('cbse-10-math-full-02-U4-Gap-Q07', 'cbse-10-math-full-02', 'MCQ', 1, 0.4, 'In triangle ABC, D and E are points on AB and AC such that DE || BC. If AD:DB = 3:5, then Area(ADE)/Area(ABC) is:', 'In $\triangle ABC$, $D$ and $E$ are points on $AB$ and $AC$ such that $DE \parallel BC$. If $AD:DB = 3:5$, then $\frac{\text{Area}(\triangle ADE)}{\text{Area}(\triangle ABC)}$ is:', 0, NULL, '[{"id":"A","text":"9:25","is_correct":false},{"id":"B","text":"9:64","is_correct":true},{"id":"C","text":"3:8","is_correct":false},{"id":"D","text":"9:16","is_correct":false}]', '{"steps_latex":["Ratio of sides: $\\frac{AD}{AB} = \\frac{AD}{AD+DB} = \\frac{3}{3+5} = \\frac{3}{8}$","Ratio of areas = (Ratio of corresponding sides)$^2$","Ratio = $(\\frac{3}{8})^2 = \\frac{9}{64}$"]}', NULL, NULL, NULL, 17);
INSERT INTO questions (id, set_id, type, marks, difficulty, question_text, question_latex, has_diagram, diagram_svg, options_json, solution_json, unit, topic, case_study_json, sort_order) VALUES ('cbse-10-math-full-02-U5-Gap-Q08', 'cbse-10-math-full-02', 'MCQ', 1, 0.3, 'The value of (sin 30 + cos 30) - (sin 60 + cos 60) is:', 'The value of $(\sin 30^\circ + \cos 30^\circ) - (\sin 60^\circ + \cos 60^\circ)$ is:', 0, NULL, '[{"id":"A","text":"-1","is_correct":false},{"id":"B","text":"0","is_correct":true},{"id":"C","text":"1","is_correct":false},{"id":"D","text":"2","is_correct":false}]', '{"steps_latex":["$\\sin 30^\\circ = \\frac{1}{2}, \\cos 30^\\circ = \\frac{\\sqrt{3}}{2}$","$\\sin 60^\\circ = \\frac{\\sqrt{3}}{2}, \\cos 60^\\circ = \\frac{1}{2}$","Value $= (\\frac{1}{2} + \\frac{\\sqrt{3}}{2}) - (\\frac{\\sqrt{3}}{2} + \\frac{1}{2}) = 0$"]}', NULL, NULL, NULL, 18);
INSERT INTO questions (id, set_id, type, marks, difficulty, question_text, question_latex, has_diagram, diagram_svg, options_json, solution_json, unit, topic, case_study_json, sort_order) VALUES ('cbse-10-math-full-02-U4-Gap-Q09', 'cbse-10-math-full-02', 'MCQ', 1, 0.4, 'From a point Q, the length of the tangent to a circle is 24 cm and the distance of Q from the centre is 25 cm. The radius of the circle is:', 'From a point $Q$, the length of the tangent to a circle is $24\text{ cm}$ and the distance of $Q$ from the centre is $25\text{ cm}$. The radius of the circle is:', 0, NULL, '[{"id":"A","text":"7 cm","is_correct":true},{"id":"B","text":"12 cm","is_correct":false},{"id":"C","text":"15 cm","is_correct":false},{"id":"D","text":"24.5 cm","is_correct":false}]', '{"steps_latex":["$r^2 + 24^2 = 25^2$ (Pythagoras theorem in tangent triangle)","$r^2 + 576 = 625$","$r^2 = 49 \\Rightarrow r = 7\\text{ cm}$"]}', NULL, NULL, NULL, 19);
INSERT INTO questions (id, set_id, type, marks, difficulty, question_text, question_latex, has_diagram, diagram_svg, options_json, solution_json, unit, topic, case_study_json, sort_order) VALUES ('cbse-10-math-full-02-U7-B7B-Q01', 'cbse-10-math-full-02', 'MCQ', 1, 0.4, 'A card is drawn from a well-shuffled deck of 52 cards. The probability that the card is a face card is:', 'A card is drawn from a well-shuffled deck of $52$ cards. The probability that the card is a face card is:', 0, NULL, '[{"id":"A","text":"3/13","is_correct":true},{"id":"B","text":"1/4","is_correct":false},{"id":"C","text":"1/13","is_correct":false},{"id":"D","text":"4/13","is_correct":false}]', '{"steps":["Total cards = 52","Face cards (J, Q, K) in 4 suits = 3 * 4 = 12","Probability = 12/52 = 3/13"],"steps_latex":["Total number of outcomes $= 52$","Number of face cards (King, Queen, Jack in 4 suits) $= 3 \\times 4 = 12$","Probability $P(E) = \\frac{12}{52} = \\frac{3}{13}$"],"answer":{"correct_option":"A","correct_answer_latex":"$\\frac{3}{13}$"}}', NULL, NULL, NULL, 20);
INSERT INTO questions (id, set_id, type, marks, difficulty, question_text, question_latex, has_diagram, diagram_svg, options_json, solution_json, unit, topic, case_study_json, sort_order) VALUES ('cbse-10-math-full-02-U2-B2A-Q02', 'cbse-10-math-full-02', 'SA', 2, 0.5, 'Find a quadratic polynomial whose zeroes are 5+2√3 and 5-2√3.', 'Find a quadratic polynomial whose zeroes are $5+2\sqrt{3}$ and $5-2\sqrt{3}$.', 0, NULL, NULL, '{"steps":["Sum = (5+2√3) + (5-2√3) = 10","Product = (5+2√3)(5-2√3) = 25 - 12 = 13","Polynomial = k[x² - (Sum)x + Product]","P(x) = x² - 10x + 13"],"steps_latex":["Sum $= (5+2\\sqrt{3}) + (5-2\\sqrt{3}) = 10$","Product $= (5+2\\sqrt{3})(5-2\\sqrt{3}) = 5^2 - (2\\sqrt{3})^2 = 25 - 12 = 13$","Polynomial $= k[x^2 - (\\text{Sum})x + \\text{Product}]$","$P(x) = x^2 - 10x + 13$"],"answer":{"correct_answer_plain":"x² - 10x + 13","correct_answer_latex":"$x^2 - 10x + 13$"}}', NULL, NULL, NULL, 21);
INSERT INTO questions (id, set_id, type, marks, difficulty, question_text, question_latex, has_diagram, diagram_svg, options_json, solution_json, unit, topic, case_study_json, sort_order) VALUES ('cbse-10-math-full-02-U2-B2C-Q01', 'cbse-10-math-full-02', 'SA', 2, 0.5, 'Find the discriminant of the quadratic equation 2x² - 4x + 3 = 0, and hence find the nature of its roots.', 'Find the discriminant of the quadratic equation $2x^2 - 4x + 3 = 0$, and hence find the nature of its roots.', 0, NULL, NULL, '{"steps":["Equation: 2x² - 4x + 3 = 0","a=2, b=-4, c=3","Discriminant D = b² - 4ac","D = (-4)² - 4(2)(3) = 16 - 24 = -8","Since D < 0, roots are imaginary/no real roots."],"steps_latex":["Compare with $ax^2 + bx + c = 0$: $a=2, b=-4, c=3$","Discriminant $D = b^2 - 4ac$","$D = (-4)^2 - 4(2)(3)$","$D = 16 - 24 = -8$","Since $D < 0$, the equation has **no real roots**."],"answer":{"correct_answer_plain":"D = -8, No real roots","correct_answer_latex":"D = -8, \\text{No real roots}"}}', NULL, NULL, NULL, 22);
INSERT INTO questions (id, set_id, type, marks, difficulty, question_text, question_latex, has_diagram, diagram_svg, options_json, solution_json, unit, topic, case_study_json, sort_order) VALUES ('cbse-10-math-full-02-U1-B1A-Q03', 'cbse-10-math-full-02', 'SA', 2, 0.5, 'Prove that 3 + 2√5 is irrational, given that √5 is irrational.', 'Prove that $3 + 2\sqrt{5}$ is irrational, given that $\sqrt{5}$ is irrational.', 0, NULL, NULL, '{"steps":["Let 3 + 2√5 be rational r.","2√5 = r - 3","√5 = (r - 3)/2","RHS is rational, LHS is irrational. Contradiction.","Hence 3 + 2√5 is irrational."],"steps_latex":["Let $3 + 2\\sqrt{5}$ be rational number $r$.","$2\\sqrt{5} = r - 3$","$\\sqrt{5} = \\frac{r - 3}{2}$","RHS is rational (since $r$ is rational), but LHS ($\\sqrt{5}$) is irrational.","This is a contradiction.","Hence, $3 + 2\\sqrt{5}$ is irrational."],"answer":{"correct_answer_plain":"Proof completed","correct_answer_latex":"\\text{Proof completed}"}}', NULL, NULL, NULL, 23);
INSERT INTO questions (id, set_id, type, marks, difficulty, question_text, question_latex, has_diagram, diagram_svg, options_json, solution_json, unit, topic, case_study_json, sort_order) VALUES ('cbse-10-math-full-02-U3-Gap-Q10', 'cbse-10-math-full-02', 'SA', 2, 0.4, 'Find the distance between the points (0, 0) and (36, 15).', 'Find the distance between the points $(0, 0)$ and $(36, 15)$.', 0, NULL, NULL, '{"steps":["Distance Formula: sqrt((x2-x1)^2 + (y2-y1)^2)","d = sqrt(36^2 + 15^2)","d = sqrt(1296 + 225) = sqrt(1521)","d = 39 units"],"steps_latex":["Distance $d = \\sqrt{(x_2-x_1)^2 + (y_2-y_1)^2}$","$d = \\sqrt{(36-0)^2 + (15-0)^2}$","$d = \\sqrt{1296 + 225} = \\sqrt{1521}$","$d = 39\\text{ units}$"],"answer":{"correct_answer_plain":"39 units","correct_answer_latex":"$39\\text{ units}$"}}', NULL, NULL, NULL, 24);
INSERT INTO questions (id, set_id, type, marks, difficulty, question_text, question_latex, has_diagram, diagram_svg, options_json, solution_json, unit, topic, case_study_json, sort_order) VALUES ('cbse-10-math-full-02-U1-B1B-Q01', 'cbse-10-math-full-02', 'SA', 2, 0.5, 'Prove that 5 - √3 is an irrational number, given that √3 is irrational.', 'Prove that $5 - \sqrt{3}$ is an irrational number, given that $\sqrt{3}$ is irrational.', 0, NULL, NULL, '{"steps":["Assume 5 - √3 is rational, say r.","5 - r = √3","RHS (√3) is irrational.","LHS (5 - r) is rational because difference of rational numbers is rational.","Rational = Irrational is a contradiction.","Therefore, 5 - √3 is irrational."],"steps_latex":["Assume $5 - \\sqrt{3}$ is rational, say $r$.","$5 - r = \\sqrt{3}$","RHS ($\\sqrt{3}$) is irrational.","LHS ($5 - r$) is rational because difference of rational numbers is rational.","Rational $\\neq$ Irrational. This is a contradiction.","Therefore, $5 - \\sqrt{3}$ is irrational."],"answer":{"correct_answer_plain":"Proved","correct_answer_latex":"\\text{Proved}"}}', NULL, NULL, NULL, 25);
INSERT INTO questions (id, set_id, type, marks, difficulty, question_text, question_latex, has_diagram, diagram_svg, options_json, solution_json, unit, topic, case_study_json, sort_order) VALUES ('cbse-10-math-full-02-U3-B3A-Q02', 'cbse-10-math-full-02', 'SA', 3, 0.5, 'Find the ratio in which the line segment joining the points (-3, 10) and (6, -8) is divided by (-1, 6).', 'Find the ratio in which the line segment joining the points $(-3, 10)$ and $(6, -8)$ is divided by $(-1, 6)$.', 0, NULL, NULL, '{"steps":["Let ratio be k:1.","Using Section Formula: x = (m1x2 + m2x1)/(m1+m2)","-1 = (6k - 3) / (k + 1)","-1(k+1) = 6k - 3","-k - 1 = 6k - 3","2 = 7k => k = 2/7","Ratio is 2:7"],"steps_latex":["Let the ratio be $k:1$. Points $A(-3, 10), B(6, -8)$.","Using Section Formula for x-coordinate: $x = \\frac{m_1x_2 + m_2x_1}{m_1+m_2}$","$-1 = \\frac{k(6) + 1(-3)}{k+1}$","$-k - 1 = 6k - 3$","$2 = 7k \\Rightarrow k = \\frac{2}{7}$","Therefore, the ratio is $2:7$."],"answer":{"correct_answer_plain":"2:7","correct_answer_latex":"$2:7$"}}', NULL, NULL, NULL, 26);
INSERT INTO questions (id, set_id, type, marks, difficulty, question_text, question_latex, has_diagram, diagram_svg, options_json, solution_json, unit, topic, case_study_json, sort_order) VALUES ('cbse-10-math-full-02-U5-B5A-Q02', 'cbse-10-math-full-02', 'SA', 3, 0.6, 'Prove that: (sin A / (1 + cos A)) + ((1 + cos A) / sin A) = 2 cosec A', 'Prove that: $\frac{\sin A}{1 + \cos A} + \frac{1 + \cos A}{\sin A} = 2 \csc A$', 0, NULL, NULL, '{"steps":["LHS = (sin^2 A + (1+cos A)^2) / (sin A(1+cos A))","= (sin^2 A + 1 + 2cos A + cos^2 A) / (sin A(1+cos A))","= (1 + 1 + 2cos A) / (sin A(1+cos A))","= (2 + 2cos A) / (sin A(1+cos A))","= 2(1 + cos A) / (sin A(1+cos A))","= 2/sin A = 2 cosec A = RHS"],"steps_latex":["LHS $= \\frac{\\sin^2 A + (1+\\cos A)^2}{\\sin A(1+\\cos A)}$","$= \\frac{\\sin^2 A + 1 + 2\\cos A + \\cos^2 A}{\\sin A(1+\\cos A)}$","Using $\\sin^2 A + \\cos^2 A = 1$:","$= \\frac{1 + 1 + 2\\cos A}{\\sin A(1+\\cos A)}$","$= \\frac{2(1 + \\cos A)}{\\sin A(1+\\cos A)}$","$= \\frac{2}{\\sin A} = 2 \\csc A = \\text{RHS}$"],"answer":{"correct_answer_plain":"Proved","correct_answer_latex":"\\text{Proved}"}}', NULL, NULL, NULL, 27);
INSERT INTO questions (id, set_id, type, marks, difficulty, question_text, question_latex, has_diagram, diagram_svg, options_json, solution_json, unit, topic, case_study_json, sort_order) VALUES ('cbse-10-math-full-02-U2-B2D-Q02', 'cbse-10-math-full-02', 'SA', 3, 0.5, 'Find the sum of first 22 terms of an AP in which d = 7 and 22nd term is 149.', 'Find the sum of first $22$ terms of an AP in which $d = 7$ and $22^{\text{nd}}$ term is $149$.', 0, NULL, NULL, '{"steps":["d = 7, n = 22, a22 = 149","a22 = a + 21d => 149 = a + 21(7)","149 = a + 147 => a = 2","S22 = n/2 (a + an)","S22 = 22/2 (2 + 149) = 11 (151) = 1661"],"steps_latex":["$d = 7, n = 22, a_{22} = 149$","$a_{22} = a + 21d \\Rightarrow 149 = a + 21(7)$","$149 = a + 147 \\Rightarrow a = 2$","$S_{22} = \\frac{n}{2} (a + a_{22})$","$S_{22} = \\frac{22}{2} (2 + 149) = 11 \\times 151 = 1661$"],"answer":{"correct_answer_plain":"1661","correct_answer_latex":"$1661$"}}', NULL, NULL, NULL, 28);
INSERT INTO questions (id, set_id, type, marks, difficulty, question_text, question_latex, has_diagram, diagram_svg, options_json, solution_json, unit, topic, case_study_json, sort_order) VALUES ('cbse-10-math-full-02-U4-B4B-Q01', 'cbse-10-math-full-02', 'SA', 3, 0.5, 'Prove that the lengths of tangents drawn from an external point to a circle are equal.', 'Prove that the lengths of tangents drawn from an external point to a circle are equal.', 1, '<svg viewBox=''0 0 200 150''><circle cx=''130'' cy=''75'' r=''40'' stroke=''black'' fill=''none'' stroke-width=''2''/><path d=''M20,75 L110,48 M20,75 L110,102'' stroke=''black'' stroke-width=''2''/><line x1=''130'' y1=''75'' x2=''110'' y2=''48'' stroke=''black'' stroke-dasharray=''4'' /><line x1=''130'' y1=''75'' x2=''110'' y2=''102'' stroke=''black'' stroke-dasharray=''4'' /><line x1=''20'' y1=''75'' x2=''130'' y2=''75'' stroke=''black'' stroke-dasharray=''4'' /><text x=''13'' y=''75''>P</text><text x=''112'' y=''45''>A</text><text x=''112'' y=''115''>B</text><text x=''140'' y=''75''>O</text></svg>', NULL, '{"steps":["Given: Circle with center O, tangents PA and PB from P.","To prove: PA = PB","Construction: Join OA, OB, OP.","Proof: In triangles OAP and OBP","angle OAP = angle OBP = 90 deg (Radius perp to tangent)","OP = OP (Common)","OA = OB (Radii)","By RHS congruence, Triangle OAP ~= Triangle OBP","By CPCT, PA = PB."],"steps_latex":["**Given:** A circle with center $O$, and two tangents $PA$ and $PB$ from external point $P$.","**To Prove:** $PA = PB$","**Construction:** Join $OA, OB$ and $OP$.","**Proof:** In $\\triangle OAP$ and $\\triangle OBP$:","$\\angle OAP = \\angle OBP = 90^\\circ$ (Tangent is $\\perp$ to radius)","$OP = OP$ (Common hypotenuse)","$OA = OB$ (Radii)","$\\therefore \\triangle OAP \\cong \\triangle OBP$ (RHS Congruence)","$\\Rightarrow PA = PB$ (CPCT)"],"answer":{"correct_answer_plain":"Proved","correct_answer_latex":"\\text{Proved}"}}', NULL, NULL, NULL, 29);
INSERT INTO questions (id, set_id, type, marks, difficulty, question_text, question_latex, has_diagram, diagram_svg, options_json, solution_json, unit, topic, case_study_json, sort_order) VALUES ('cbse-10-math-full-02-U1-B1B-Q02', 'cbse-10-math-full-02', 'SA', 3, 0.4, 'Three bells ring at intervals of 4, 7 and 14 minutes. All three rang at 6 AM. When will they ring together again?', 'Three bells ring at intervals of $4, 7$ and $14$ minutes. All three rang at $6\text{ AM}$. When will they ring together again?', 0, NULL, NULL, '{"steps":["Find LCM of 4, 7, 14.","4 = 2^2, 7 = 7^1, 14 = 2 × 7","LCM = 2^2 × 7 = 4 × 7 = 28 minutes","Time = 6:00 AM + 28 mins = 6:28 AM"],"steps_latex":["Find $\\text{LCM}(4, 7, 14)$.","$4 = 2^2, 7 = 7^1, 14 = 2 \\times 7$","$\\text{LCM} = 2^2 \\times 7 = 4 \\times 7 = 28\\text{ minutes}$","Time $= 6:00\\text{ AM} + 28\\text{ mins} = 6:28\\text{ AM}$"],"answer":{"correct_answer_plain":"6:28 AM","correct_answer_latex":"6:28\\text{ AM}"}}', NULL, NULL, NULL, 30);
INSERT INTO questions (id, set_id, type, marks, difficulty, question_text, question_latex, has_diagram, diagram_svg, options_json, solution_json, unit, topic, case_study_json, sort_order) VALUES ('cbse-10-math-full-02-U6-B6B-Q01', 'cbse-10-math-full-02', 'SA', 3, 0.5, 'A metallic sphere of radius 4.2 cm is melted and recast into the shape of a cylinder of radius 6 cm. Find the height of the cylinder.', 'A metallic sphere of radius $4.2\text{ cm}$ is melted and recast into the shape of a cylinder of radius $6\text{ cm}$. Find the height of the cylinder.', 0, NULL, NULL, '{"steps":["Volume of Sphere = Volume of Cylinder","4/3 pi R^3 = pi r^2 h","4/3 * (4.2)^3 = (6)^2 * h","h = (4/3 * 4.2 * 4.2 * 4.2) / 36","h = 1.4 * 1.4 * 1.4 = 2.744 cm"],"steps_latex":["Volume of Sphere = Volume of Cylinder","$\\frac{4}{3} \\pi R^3 = \\pi r^2 h$","$\\frac{4}{3} \\times (4.2)^3 = (6)^2 \\times h$","$h = \\frac{4}{3} \\times \\frac{4.2 \\times 4.2 \\times 4.2}{36}$","$h = \\frac{4 \\times 1.4 \\times 0.7 \\times 0.7}{1}$ (simplified)","$h = 2.744\\text{ cm}$"],"answer":{"correct_answer_plain":"2.74 cm","correct_answer_latex":"$2.744\\text{ cm}$"}}', NULL, NULL, NULL, 31);
INSERT INTO questions (id, set_id, type, marks, difficulty, question_text, question_latex, has_diagram, diagram_svg, options_json, solution_json, unit, topic, case_study_json, sort_order) VALUES ('cbse-10-math-full-02-U4-CS-Q36-Unique', 'cbse-10-math-full-02', 'CaseStudy', 4, 0.5, 'A lighthouse keeper observes two ships on the same side. Angles of depression are 45 and 30 degrees. Height is 100m.', '**Case Study 1: The Lighthouse**

A lighthouse is a tower, building, or other type of structure designed to emit light from a system of lamps and lenses. A lighthouse keeper observes two ships on the same side of the lighthouse. The angles of depression of the two ships are $45^\circ$ and $30^\circ$ respectively. The lighthouse is $100\text{ m}$ high.', 1, '<svg viewBox=''0 0 300 200'' xmlns=''http://www.w3.org/2000/svg''><rect width=''300'' height=''200'' fill=''#e0ffff''/><rect y=''150'' width=''300'' height=''50'' fill=''#4682b4''/><rect x=''20'' y=''50'' width=''30'' height=''100'' fill=''#d3d3d3'' stroke=''black''/><polygon points=''15,50 55,50 35,20'' fill=''red''/><text x=''10'' y=''180'' font-weight=''bold''>Lighthouse</text><text x=''60'' y=''100''>100m</text><circle cx=''120'' cy=''160'' r=''10'' fill=''brown''/><text x=''110'' y=''140''>Ship A</text><circle cx=''200'' cy=''160'' r=''10'' fill=''brown''/><text x=''190'' y=''140''>Ship B</text><line x1=''35'' y1=''20'' x2=''250'' y2=''20'' stroke=''black'' stroke-dasharray=''4,4''/><line x1=''35'' y1=''20'' x2=''120'' y2=''160'' stroke=''black''/><line x1=''35'' y1=''20'' x2=''200'' y2=''160'' stroke=''black''/></svg>', NULL, '{}', NULL, NULL, '{"has_diagram":false,"visual_diagram":null,"sub_questions":[{"part":"i","marks":1,"question":{"text_latex":"Find the distance of the first ship (angle $45^\\circ$) from the lighthouse."},"solution":{"steps_latex":["$\\tan 45 = 100/x \\Rightarrow x = 100\\text{ m}$."],"answer":{"correct_answer_plain":"100 m"}}},{"part":"ii","marks":1,"question":{"text_latex":"Find the distance of the second ship (angle $30^\\circ$) from the lighthouse."},"solution":{"steps_latex":["$\\tan 30 = 100/y \\Rightarrow 1/\\sqrt{3} = 100/y \\Rightarrow y = 100\\sqrt{3}\\text{ m}$."],"answer":{"correct_answer_plain":"100√3 m"}}},{"part":"iii","marks":2,"question":{"text_latex":"Find the distance between the two ships."},"solution":{"steps_latex":["$y - x = 100\\sqrt{3} - 100 = 100(\\sqrt{3}-1)\\text{ m}$."],"answer":{"correct_answer_plain":"100(√3-1) m"}}}]}', 32);
INSERT INTO questions (id, set_id, type, marks, difficulty, question_text, question_latex, has_diagram, diagram_svg, options_json, solution_json, unit, topic, case_study_json, sort_order) VALUES ('cbse-10-math-full-02-U2-CS-Q37', 'cbse-10-math-full-02', 'CaseStudy', 4, 0.5, 'A garden is in the shape of a rectangle. Area is 100 sq m. Length is 5m more than width.', '**Case Study 2: Gardening**

A garden is in the shape of a rectangle. Area is $100\text{ m}^2$. Length is $5\text{ m}$ more than width.', 1, '<svg viewBox=''0 0 300 200'' xmlns=''http://www.w3.org/2000/svg''>
  <defs>
    <pattern id=''grass'' patternUnits=''userSpaceOnUse'' width=''20'' height=''20''>
      <circle cx=''5'' cy=''5'' r=''2'' fill=''#98fb98''/>
    </pattern>
  </defs>
  
  <!-- Soil -->
  <rect x=''0'' y=''0'' width=''300'' height=''200'' fill=''#fff8dc''/>
  
  <!-- Garden Plot -->
  <rect x=''50'' y=''50'' width=''200'' height=''100'' fill=''url(#grass)'' stroke=''#2e8b57'' stroke-width=''4''/>
  
  <!-- Trees/Plants corners -->
  <circle cx=''60'' cy=''60'' r=''8'' fill=''#228b22''/>
  <circle cx=''240'' cy=''60'' r=''8'' fill=''#228b22''/>
  <circle cx=''60'' cy=''140'' r=''8'' fill=''#228b22''/>
  <circle cx=''240'' cy=''140'' r=''8'' fill=''#228b22''/>
  
  <!-- Dimensions -->
  <text x=''130'' y=''40'' font-family=''Arial'' font-size=''14'' font-weight=''bold'' fill=''#2e8b57''>x + 5 m</text>
  <text x=''260'' y=''100'' font-family=''Arial'' font-size=''14'' font-weight=''bold'' fill=''#2e8b57''>x m</text>
  <text x=''110'' y=''110'' font-family=''Arial'' font-size=''16'' fill=''#fff'' stroke=''#000'' stroke-width=''0.5''>Area = 100 m²</text>
</svg>', NULL, '{}', NULL, NULL, '{"has_diagram":false,"visual_diagram":null,"sub_questions":[{"part":"i","marks":1,"question":{"text_latex":"Form a quadratic equation for width $x$."},"solution":{"steps_latex":["Length $= x+5$. Area $= x(x+5) = 100$.","$x^2 + 5x - 100 = 0$"]}},{"part":"ii","marks":1,"question":{"text_latex":"Find the discriminant."},"solution":{"steps_latex":["$D = 5^2 - 4(1)(-100) = 25 + 400 = 425$"]}},{"part":"iii","marks":2,"question":{"text_latex":"Find the dimensions."},"solution":{"steps_latex":["$x = \\frac{-5 \\pm \\sqrt{425}}{2} = \\frac{-5 \\pm 5\\sqrt{17}}{2}$","Take positive: $x \\approx 7.8\\text{ m}$"]}}]}', 33);
INSERT INTO questions (id, set_id, type, marks, difficulty, question_text, question_latex, has_diagram, diagram_svg, options_json, solution_json, unit, topic, case_study_json, sort_order) VALUES ('cbse-10-math-full-02-U2-B2B-Q02', 'cbse-10-math-full-02', 'LA', 5, 0.7, '2 women and 5 men can together finish an embroidery work in 4 days, while 3 women and 6 men can finish it in 3 days. Find the time taken by 1 woman alone to finish the work, and also that taken by 1 man alone.', '$2$ women and $5$ men can together finish an embroidery work in $4$ days, while $3$ women and $6$ men can finish it in $3$ days. Find the time taken by $1$ woman alone to finish the work, and also that taken by $1$ man alone.', 0, NULL, NULL, '{"steps":["Let work done by 1 woman in 1 day = 1/x","Let work done by 1 man in 1 day = 1/y","Case 1: 4(2/x + 5/y) = 1 => 2/x + 5/y = 1/4","Case 2: 3(3/x + 6/y) = 1 => 3/x + 6/y = 1/3","Let 1/x = u, 1/y = v. 2u + 5v = 1/4 (1), 3u + 6v = 1/3 (2)","Solve linear equations...","Multiply (1) by 3: 6u + 15v = 3/4","Multiply (2) by 2: 6u + 12v = 2/3","Subtract: 3v = 3/4 - 2/3 = (9-8)/12 = 1/12","v = 1/36 => y = 36 days","Sub v in (1): 2u + 5(1/36) = 1/4 => 2u = 1/4 - 5/36 = (9-5)/36 = 4/36 = 1/9","2u = 1/9 => u = 1/18 => x = 18 days"],"steps_latex":["Let time taken by 1 woman $= x$ days, by 1 man $= y$ days.","$\\frac{2}{x} + \\frac{5}{y} = \\frac{1}{4}$ ... (i)","$\\frac{3}{x} + \\frac{6}{y} = \\frac{1}{3}$ ... (ii)","Let $\\frac{1}{x} = u, \\frac{1}{y} = v$. System becomes:","$2u + 5v = \\frac{1}{4}$","$3u + 6v = \\frac{1}{3}$","Multiply (i) by 3: $6u + 15v = \\frac{3}{4}$","Multiply (ii) by 2: $6u + 12v = \\frac{2}{3}$","Subtracting: $3v = \\frac{3}{4} - \\frac{2}{3} = \\frac{9-8}{12} = \\frac{1}{12} \\Rightarrow v = \\frac{1}{36}$","Substitute $v$: $2u + \\frac{5}{36} = \\frac{1}{4} \\Rightarrow 2u = \\frac{9-5}{36} = \\frac{1}{9} \\Rightarrow u = \\frac{1}{18}$","So $x = 18$ days, $y = 36$ days."],"answer":{"correct_answer_plain":"Woman: 18 days, Man: 36 days","correct_answer_latex":"\\text{Woman: } 18 \\text{ days, Man: } 36 \\text{ days}"}}', NULL, NULL, NULL, 34);
INSERT INTO questions (id, set_id, type, marks, difficulty, question_text, question_latex, has_diagram, diagram_svg, options_json, solution_json, unit, topic, case_study_json, sort_order) VALUES ('cbse-10-math-full-02-U5-B5B-Q01', 'cbse-10-math-full-02', 'LA', 5, 0.6, 'The angle of elevation of the top of a building from the foot of the tower is 30 deg and the angle of elevation of the top of the tower from the foot of the building is 60 deg. If the tower is 50 m high, find the height of the building.', 'The angle of elevation of the top of a building from the foot of the tower is $30^\circ$ and the angle of elevation of the top of the tower from the foot of the building is $60^\circ$. If the tower is $50\text{ m}$ high, find the height of the building.', 1, '<svg viewBox=''0 0 200 200''><line x1=''50'' y1=''180'' x2=''150'' y2=''180'' stroke=''black'' stroke-width=''2''/><line x1=''50'' y1=''180'' x2=''50'' y2=''100'' stroke=''black'' stroke-width=''2''/><line x1=''150'' y1=''180'' x2=''150'' y2=''20'' stroke=''black'' stroke-width=''2''/><line x1=''50'' y1=''180'' x2=''150'' y2=''20'' stroke=''black'' stroke-dasharray=''4''/><line x1=''150'' y1=''180'' x2=''50'' y2=''100'' stroke=''black'' stroke-dasharray=''4''/><text x=''155'' y=''100''>Tower (50m)</text><text x=''10'' y=''140''>Building</text></svg>', NULL, '{"steps":["Let height of building = h. Height of tower = 50 m.","Let distance between them = x.","In triangle (Tower, foot of building): tan 60 = 50/x","√3 = 50/x => x = 50/√3","In triangle (Building, foot of tower): tan 30 = h/x","1/√3 = h/x => h = x/√3","Substitute x: h = (50/√3) / √3 = 50/3","h = 16.67 m"],"steps_latex":["Let height of building $= h$, distance between feet $= x$.","In $\\Delta$ with Tower ($50\\text{ m}$) and angle $60^\\circ$:","$\\tan 60^\\circ = \\frac{50}{x} \\Rightarrow \\sqrt{3} = \\frac{50}{x} \\Rightarrow x = \\frac{50}{\\sqrt{3}}$","In $\\Delta$ with Building ($h$) and angle $30^\\circ$:","$\\tan 30^\\circ = \\frac{h}{x} \\Rightarrow \\frac{1}{\\sqrt{3}} = \\frac{h}{x} \\Rightarrow h = \\frac{x}{\\sqrt{3}}$","Substitute $x$: $h = \\frac{50/\\sqrt{3}}{\\sqrt{3}} = \\frac{50}{3}$","Height of building $= 16\\frac{2}{3}\\text{ m}$"],"answer":{"correct_answer_plain":"16.67 m","correct_answer_latex":"$16\\frac{2}{3}\\text{ m}$"}}', NULL, NULL, NULL, 35);
INSERT INTO questions (id, set_id, type, marks, difficulty, question_text, question_latex, has_diagram, diagram_svg, options_json, solution_json, unit, topic, case_study_json, sort_order) VALUES ('cbse-10-math-full-02-U2-B2C-Q02', 'cbse-10-math-full-02', 'LA', 5, 0.7, 'Two water taps together can fill a tank in 9 3/8 hours. The tap of larger diameter takes 10 hours less than the smaller one to fill the tank separately. Find the time in which each tap can separately fill the tank.', 'Two water taps together can fill a tank in $9\frac{3}{8}$ hours. The tap of larger diameter takes $10\text{ hours}$ less than the smaller one to fill the tank separately. Find the time in which each tap can separately fill the tank.', 0, NULL, NULL, '{"steps":["9 3/8 hours = 75/8 hours.","Let smaller tap take x hours. Larger tap takes x-10 hours.","Part filled in 1 hr: 1/x + 1/(x-10) = 8/75","Simplify: (x-10+x)/(x(x-10)) = 8/75","75(2x-10) = 8(x²-10x)","150x - 750 = 8x² - 80x","8x² - 230x + 750 = 0","4x² - 115x + 375 = 0","Quadratic Formula: x = (115 ± √(115² - 4*4*375))/8","x = (115 ± √(13225 - 6000))/8 = (115 ± √7225)/8 = (115 ± 85)/8","x = 200/8 = 25 or x = 30/8 = 3.75","If x=3.75, larger tap time negative (3.75-10). Reject.","So x=25. Larger tap = 15."],"steps_latex":["Total time $= 9\\frac{3}{8} = \\frac{75}{8}\\text{ hours}$.","Let smaller tap take $x\\text{ hrs}$, larger tap takes $(x-10)\\text{ hrs}$.","$\\frac{1}{x} + \\frac{1}{x-10} = \\frac{8}{75}$","$\\frac{2x-10}{x^2-10x} = \\frac{8}{75}$","$75(2x-10) = 8(x^2-10x)$","$150x - 750 = 8x^2 - 80x$","$8x^2 - 230x + 750 = 0 \\Rightarrow 4x^2 - 115x + 375 = 0$","$x = \\frac{115 \\pm \\sqrt{13225 - 6000}}{8} = \\frac{115 \\pm 85}{8}$","$x = \\frac{200}{8} = 25$ or $x = \\frac{30}{8} = 3.75$","If $x=3.75, x-10$ is negative. Reject.","Smaller tap $= 25\\text{ hrs}$, Larger tap $= 15\\text{ hrs}$."],"answer":{"correct_answer_plain":"Smaller: 25h, Larger: 15h","correct_answer_latex":"\\text{Smaller: } 25\\text{ h, Larger: } 15\\text{ h}"}}', NULL, NULL, NULL, 36);
INSERT INTO questions (id, set_id, type, marks, difficulty, question_text, question_latex, has_diagram, diagram_svg, options_json, solution_json, unit, topic, case_study_json, sort_order) VALUES ('cbse-10-math-full-02-U7-B7A-Q02', 'cbse-10-math-full-02', 'LA', 5, 0.6, 'If the median of the distribution given below is 28.5, find the values of x and y. Total frequency is 60. Class Intervals: 0-10, 10-20, ... Frequencies: 5, x, 20, 15, y, 5.', 'If the median of the distribution given below is $28.5$, find the values of $x$ and $y$. Total frequency is $60$.

Class Interval: $0-10, 10-20, 20-30, 30-40, 40-50, 50-60$
Frequency: $5, x, 20, 15, y, 5$', 0, NULL, NULL, '{"steps":["Total N = 60. Sum of freq = 45 + x + y = 60 => x + y = 15.","Median = 28.5 lies in 20-30 class.","l = 20, h = 10, f = 20, cf = 5 + x","Median = l + [(N/2 - cf)/f] * h","28.5 = 20 + [(30 - (5+x))/20] * 10","8.5 = (25 - x)/2","17 = 25 - x => x = 8","y = 15 - 8 = 7"],"steps_latex":["Total $N = 60$. Sum of frequencies $= 5 + x + 20 + 15 + y + 5 = 45 + x + y$.","$45 + x + y = 60 \\Rightarrow x + y = 15$ ... (i)","Median $= 28.5$, which lies in class interval $20-30$.","$l = 20, h = 10, f = 20, cf = 5 + x$","Median $= l + \\left(\\frac{\\frac{N}{2} - cf}{f}\\right) \\times h$","$28.5 = 20 + \\left(\\frac{30 - (5+x)}{20}\\right) \\times 10$","$8.5 = \\frac{25 - x}{2}$","$17 = 25 - x \\Rightarrow x = 8$","From (i): $8 + y = 15 \\Rightarrow y = 7$"],"answer":{"correct_answer_plain":"x=8, y=7","correct_answer_latex":"$x=8, y=7$"}}', NULL, NULL, NULL, 37);
INSERT INTO questions (id, set_id, type, marks, difficulty, question_text, question_latex, has_diagram, diagram_svg, options_json, solution_json, unit, topic, case_study_json, sort_order) VALUES ('cbse-10-math-full-02-U2-Gap-CS11', 'cbse-10-math-full-02', 'CaseStudy', 4, 0.5, 'In an auditorium, seats are arranged in rows and columns. The number of seats in the first row is 20, in the second row is 22, in the third row is 24, and so on.', '**Case Study 3: Auditorium Seats**

In an auditorium, seats are arranged in rows and columns. The number of seats in the first row is $20$, in the second row is $22$, in the third row is $24$, and so on.', 1, '<svg viewBox=''0 0 200 150''><rect x=''20'' y=''20'' width=''160'' height=''100'' fill=''none'' stroke=''black''/><line x1=''30'' y1=''100'' x2=''170'' y2=''100'' stroke=''black'' stroke-width=''2''/><text x=''80'' y=''140''>STAGE</text><circle cx=''40'' cy=''40'' r=''5'' fill=''black''/><circle cx=''60'' cy=''40'' r=''5'' fill=''black''/><circle cx=''80'' cy=''40'' r=''5'' fill=''black''/><circle cx=''40'' cy=''60'' r=''5'' fill=''gray''/><circle cx=''60'' cy=''60'' r=''5'' fill=''gray''/><circle cx=''80'' cy=''60'' r=''5'' fill=''gray''/></svg>', NULL, '{}', NULL, NULL, '{"has_diagram":false,"visual_diagram":null,"sub_questions":[{"part":"i","marks":1,"question":{"text_latex":"Form an Arithmetic Progression (AP) from the given data."},"solution":{"steps_latex":["The sequence is $20, 22, 24, \\dots$","First term $a = 20$, common difference $d = 2$."]}},{"part":"ii","marks":1,"question":{"text_latex":"Find the number of seats in the $15^{\\text{th}}$ row."},"solution":{"steps_latex":["$a_{15} = a + 14d$","$= 20 + 14(2) = 20 + 28 = 48$ seats."]}},{"part":"iii","marks":2,"question":{"text_latex":"If there are 30 rows in total, find the total number of seats."},"solution":{"steps_latex":["$S_{30} = \\frac{30}{2}[2a + 29d]$","$= 15[2(20) + 29(2)] = 15[40 + 58]$","$= 15 \\times 98 = 1470$ seats."]}}]}', 38);

-- Exam Set 3
INSERT INTO exam_sets (id, exam_type, grade, subject, test_type, name, total_questions, total_marks, duration_minutes, is_free) VALUES ('cbse-10-math-full-03', 'CBSE', '10', 'mathematics', 'full', 'CBSE Class 10 Mathematics - Full Mock Test 3', 31, 80, 90, 1);

-- Questions
INSERT INTO questions (id, set_id, type, marks, difficulty, question_text, question_latex, has_diagram, diagram_svg, options_json, solution_json, unit, topic, case_study_json, sort_order) VALUES ('cbse-10-math-full-03-U2-S3-MCQ1', 'cbse-10-math-full-03', 'MCQ', 1, 0.5, 'The zeros of $x^2 - 2x - 8$ are:', 'The zeros of $x^2 - 2x - 8$ are:', 0, NULL, '[{"id":"A","text":"(2, -4)","is_correct":false},{"id":"B","text":"(4, -2)","is_correct":true}]', '{"steps_latex":["$(x-4)(x+2) = 0 \\Rightarrow x = 4, -2$"]}', NULL, NULL, NULL, 1);
INSERT INTO questions (id, set_id, type, marks, difficulty, question_text, question_latex, has_diagram, diagram_svg, options_json, solution_json, unit, topic, case_study_json, sort_order) VALUES ('cbse-10-math-full-03-U2-S3-MCQ2', 'cbse-10-math-full-03', 'MCQ', 1, 0.5, 'Which of the following is NOT a quadratic equation?', 'Which of the following is NOT a quadratic equation?', 0, NULL, '[{"id":"A","text":"(x+1)^2 = 2(x-3)","is_correct":false},{"id":"B","text":"x^2 + 3x + 1 = (x-2)^2","is_correct":true}]', '{"steps_latex":["Option B: $x^2$ terms cancel out. Becomes linear."]}', NULL, NULL, NULL, 2);
INSERT INTO questions (id, set_id, type, marks, difficulty, question_text, question_latex, has_diagram, diagram_svg, options_json, solution_json, unit, topic, case_study_json, sort_order) VALUES ('cbse-10-math-full-03-U3-S3-MCQ3', 'cbse-10-math-full-03', 'MCQ', 1, 0.5, 'The distance of point $P(-6, 8)$ from Origin is:', 'The distance of point $P(-6, 8)$ from Origin is:', 0, NULL, '[{"id":"A","text":"10","is_correct":true},{"id":"B","text":"14","is_correct":false}]', '{"steps_latex":["$\\sqrt{(-6)^2 + 8^2} = \\sqrt{36+64} = 10$"]}', NULL, NULL, NULL, 3);
INSERT INTO questions (id, set_id, type, marks, difficulty, question_text, question_latex, has_diagram, diagram_svg, options_json, solution_json, unit, topic, case_study_json, sort_order) VALUES ('cbse-10-math-full-03-U2-S3-Q04', 'cbse-10-math-full-03', 'MCQ', 1, 0.5, 'If x = a, y = b is the solution of the equations x - y = 2 and x + y = 4, then the values of a and b are, respectively:', 'If $x = a, y = b$ is the solution of the equations $x - y = 2$ and $x + y = 4$, then the values of $a$ and $b$ are, respectively:', 0, NULL, '[{"id":"A","text":"3 and 5","is_correct":false},{"id":"B","text":"5 and 3","is_correct":false},{"id":"C","text":"3 and 1","is_correct":true},{"id":"D","text":"-1 and -3","is_correct":false}]', '{"steps_latex":["Add equations: $2x = 6 \\Rightarrow x = 3 = a$","Subtract: $2y = 2 \\Rightarrow y = 1 = b$"]}', NULL, NULL, NULL, 4);
INSERT INTO questions (id, set_id, type, marks, difficulty, question_text, question_latex, has_diagram, diagram_svg, options_json, solution_json, unit, topic, case_study_json, sort_order) VALUES ('cbse-10-math-full-03-U4-S3-Q06', 'cbse-10-math-full-03', 'MCQ', 1, 0.4, 'In a circle using chord AB, angle AOB = 100 degrees. The angle subtended by the chord at the major arc is:', 'In a circle with centre $O$, chord $AB$ subtends an angle of $100^\circ$ at the centre. The angle subtended by the chord at any point on the major arc is:', 1, '<svg viewBox=''0 0 200 200''><circle cx=''100'' cy=''100'' r=''80'' stroke=''black'' fill=''none'' stroke-width=''2''/><polygon points=''100,100 160,140 40,140'' stroke=''none'' fill=''none''/><line x1=''100'' y1=''100'' x2=''160'' y2=''140'' stroke=''black''/><line x1=''100'' y1=''100'' x2=''40'' y2=''140'' stroke=''black''/><text x=''95'' y=''120''>100</text></svg>', '[{"id":"A","text":"200 deg","is_correct":false},{"id":"B","text":"50 deg","is_correct":true},{"id":"C","text":"100 deg","is_correct":false},{"id":"D","text":"80 deg","is_correct":false}]', '{"steps_latex":["Angle at centre = $2 \\times$ Angle at remaining part of circle.","$\\angle AOB = 2 \\angle ACB$","$100^\\circ = 2 \\angle ACB \\Rightarrow \\angle ACB = 50^\\circ$"]}', NULL, NULL, NULL, 5);
INSERT INTO questions (id, set_id, type, marks, difficulty, question_text, question_latex, has_diagram, diagram_svg, options_json, solution_json, unit, topic, case_study_json, sort_order) VALUES ('cbse-10-math-full-03-S3-Fill-MCQ01', 'cbse-10-math-full-03', 'MCQ', 1, 0.5, 'The decimal expansion of $\frac{23}{2^3 5^2}$ will terminate after how many places?', 'The decimal expansion of $\frac{23}{2^3 5^2}$ will terminate after how many places?', 0, NULL, '[{"id":"A","text":"1","is_correct":false},{"id":"B","text":"2","is_correct":false},{"id":"C","text":"3","is_correct":true},{"id":"D","text":"5","is_correct":false}]', '{"steps_latex":["Max power of 2 or 5 is 3. So 3 places."]}', NULL, NULL, NULL, 6);
INSERT INTO questions (id, set_id, type, marks, difficulty, question_text, question_latex, has_diagram, diagram_svg, options_json, solution_json, unit, topic, case_study_json, sort_order) VALUES ('cbse-10-math-full-03-S3-Fill-MCQ02', 'cbse-10-math-full-03', 'MCQ', 1, 0.5, 'If $\alpha, \beta$ are zeroes of $x^2 - p(x+1) - c$, then $(\alpha+1)(\beta+1) = $', 'If $\alpha, \beta$ are zeroes of $x^2 - p(x+1) - c$, then $(\alpha+1)(\beta+1) = $', 0, NULL, '[{"id":"A","text":"1-c","is_correct":true},{"id":"B","text":"c-1","is_correct":false},{"id":"C","text":"c","is_correct":false}]', '{"steps_latex":["$x^2 - px - p - c$. Sum $= p$, Prod $= -p-c$.","$(\\alpha+1)(\\beta+1) = \\alpha\\beta + \\alpha + \\beta + 1 = (-p-c) + p + 1 = 1-c$"]}', NULL, NULL, NULL, 7);
INSERT INTO questions (id, set_id, type, marks, difficulty, question_text, question_latex, has_diagram, diagram_svg, options_json, solution_json, unit, topic, case_study_json, sort_order) VALUES ('cbse-10-math-full-03-S3-Fill-MCQ03', 'cbse-10-math-full-03', 'MCQ', 1, 0.5, 'Value of $\sec^2 \theta - \tan^2 \theta$ is:', 'Value of $\sec^2 \theta - \tan^2 \theta$ is:', 0, NULL, '[{"id":"A","text":"1","is_correct":true},{"id":"B","text":"0","is_correct":false}]', '{"steps_latex":["Identity: $1 + \\tan^2 = \\sec^2$"]}', NULL, NULL, NULL, 8);
INSERT INTO questions (id, set_id, type, marks, difficulty, question_text, question_latex, has_diagram, diagram_svg, options_json, solution_json, unit, topic, case_study_json, sort_order) VALUES ('cbse-10-math-full-03-S3-Fill-MCQ04', 'cbse-10-math-full-03', 'MCQ', 1, 0.5, 'If $\triangle ABC \sim \triangle PQR$, Area(ABC)=16, Area(PQR)=81, then AB/PQ is:', 'If $\triangle ABC \sim \triangle PQR$, Area(ABC)=16, Area(PQR)=81, then AB/PQ is:', 0, NULL, '[{"id":"A","text":"4/9","is_correct":true},{"id":"B","text":"16/81","is_correct":false}]', '{"steps_latex":["$\\sqrt{16/81} = 4/9$"]}', NULL, NULL, NULL, 9);
INSERT INTO questions (id, set_id, type, marks, difficulty, question_text, question_latex, has_diagram, diagram_svg, options_json, solution_json, unit, topic, case_study_json, sort_order) VALUES ('cbse-10-math-full-03-S3-Fill-MCQ05', 'cbse-10-math-full-03', 'MCQ', 1, 0.5, 'The probability of an impossible event is:', 'The probability of an impossible event is:', 0, NULL, '[{"id":"A","text":"0","is_correct":true},{"id":"B","text":"1","is_correct":false}]', '{"steps_latex":["Definition."]}', NULL, NULL, NULL, 10);
INSERT INTO questions (id, set_id, type, marks, difficulty, question_text, question_latex, has_diagram, diagram_svg, options_json, solution_json, unit, topic, case_study_json, sort_order) VALUES ('cbse-10-math-full-03-S3-Fill-MCQ06', 'cbse-10-math-full-03', 'MCQ', 1, 0.5, 'Mode of 2, 3, 4, 2, 12, 2, 2 is:', 'Mode of 2, 3, 4, 2, 12, 2, 2 is:', 0, NULL, '[{"id":"A","text":"2","is_correct":true},{"id":"B","text":"12","is_correct":false}]', '{"steps_latex":["Most frequent is 2."]}', NULL, NULL, NULL, 11);
INSERT INTO questions (id, set_id, type, marks, difficulty, question_text, question_latex, has_diagram, diagram_svg, options_json, solution_json, unit, topic, case_study_json, sort_order) VALUES ('cbse-10-math-full-03-S3-Fill-MCQ07', 'cbse-10-math-full-03', 'MCQ', 1, 0.5, 'The sum of probabilities of all elementary events is:', 'The sum of probabilities of all elementary events is:', 0, NULL, '[{"id":"A","text":"1","is_correct":true},{"id":"B","text":"0","is_correct":false}]', '{"steps_latex":["Sum = 1"]}', NULL, NULL, NULL, 12);
INSERT INTO questions (id, set_id, type, marks, difficulty, question_text, question_latex, has_diagram, diagram_svg, options_json, solution_json, unit, topic, case_study_json, sort_order) VALUES ('cbse-10-math-full-03-S3-Fill-MCQ08', 'cbse-10-math-full-03', 'MCQ', 1, 0.5, 'If a pole 6m high casts a shadow 2$\sqrt{3}$m long, then suns elevation is:', 'If a pole 6m high casts a shadow 2$\sqrt{3}$m long, then suns elevation is:', 0, NULL, '[{"id":"A","text":"60 deg","is_correct":true},{"id":"B","text":"30 deg","is_correct":false}]', '{"steps_latex":["$\\tan \\theta = 6/(2\\sqrt{3}) = \\sqrt{3} \\Rightarrow 60^\\circ$"]}', NULL, NULL, NULL, 13);
INSERT INTO questions (id, set_id, type, marks, difficulty, question_text, question_latex, has_diagram, diagram_svg, options_json, solution_json, unit, topic, case_study_json, sort_order) VALUES ('cbse-10-math-full-03-S3-Fill-MCQ09', 'cbse-10-math-full-03', 'MCQ', 1, 0.5, 'Distance between parallel tangents to circle of diameter 7cm is:', 'Distance between parallel tangents to circle of diameter 7cm is:', 0, NULL, '[{"id":"A","text":"7cm","is_correct":true},{"id":"B","text":"14cm","is_correct":false}]', '{"steps_latex":["Distance = Diameter = 7cm"]}', NULL, NULL, NULL, 14);
INSERT INTO questions (id, set_id, type, marks, difficulty, question_text, question_latex, has_diagram, diagram_svg, options_json, solution_json, unit, topic, case_study_json, sort_order) VALUES ('cbse-10-math-full-03-S3-Fill-MCQ10', 'cbse-10-math-full-03', 'MCQ', 1, 0.5, 'If $P(E) = 0.05$, then $P(\text{not } E)$ is:', 'If $P(E) = 0.05$, then $P(\text{not } E)$ is:', 0, NULL, '[{"id":"A","text":"0.95","is_correct":true},{"id":"B","text":"0.05","is_correct":false}]', '{"steps_latex":["$1 - 0.05 = 0.95$"]}', NULL, NULL, NULL, 15);
INSERT INTO questions (id, set_id, type, marks, difficulty, question_text, question_latex, has_diagram, diagram_svg, options_json, solution_json, unit, topic, case_study_json, sort_order) VALUES ('cbse-10-math-full-03-S3-Fill-MCQ11', 'cbse-10-math-full-03', 'MCQ', 1, 0.5, 'The term independent of x in polynomial $p(x)$ is:', 'The term independent of x in polynomial $p(x)$ is:', 0, NULL, '[{"id":"A","text":"Constant term","is_correct":true},{"id":"B","text":"Zero term","is_correct":false}]', '{"steps_latex":["Constant term."]}', NULL, NULL, NULL, 16);
INSERT INTO questions (id, set_id, type, marks, difficulty, question_text, question_latex, has_diagram, diagram_svg, options_json, solution_json, unit, topic, case_study_json, sort_order) VALUES ('cbse-10-math-full-03-S3-Fill-MCQ12', 'cbse-10-math-full-03', 'MCQ', 1, 0.5, 'HCF of two prime numbers $a$ and $b$ is:', 'HCF of two prime numbers $a$ and $b$ is:', 0, NULL, '[{"id":"A","text":"1","is_correct":true},{"id":"B","text":"ab","is_correct":false}]', '{"steps_latex":["Co-prime."]}', NULL, NULL, NULL, 17);
INSERT INTO questions (id, set_id, type, marks, difficulty, question_text, question_latex, has_diagram, diagram_svg, options_json, solution_json, unit, topic, case_study_json, sort_order) VALUES ('cbse-10-math-full-03-S3-Fill-MCQ13', 'cbse-10-math-full-03', 'MCQ', 1, 0.5, 'Degree of a linear polynomial is:', 'Degree of a linear polynomial is:', 0, NULL, '[{"id":"A","text":"1","is_correct":true},{"id":"B","text":"0","is_correct":false}]', '{"steps_latex":["Degree 1."]}', NULL, NULL, NULL, 18);
INSERT INTO questions (id, set_id, type, marks, difficulty, question_text, question_latex, has_diagram, diagram_svg, options_json, solution_json, unit, topic, case_study_json, sort_order) VALUES ('cbse-10-math-full-03-S3-Fill-MCQ14', 'cbse-10-math-full-03', 'MCQ', 1, 0.5, 'Area of circle with diameter $d$ is:', 'Area of circle with diameter $d$ is:', 0, NULL, '[{"id":"A","text":"$\\frac{\\pi d^2}{4}$","is_correct":true},{"id":"B","text":"$\\pi d^2$","is_correct":false}]', '{"steps_latex":["Formula."]}', NULL, NULL, NULL, 19);
INSERT INTO questions (id, set_id, type, marks, difficulty, question_text, question_latex, has_diagram, diagram_svg, options_json, solution_json, unit, topic, case_study_json, sort_order) VALUES ('cbse-10-math-full-03-S3-Fill-MCQ15', 'cbse-10-math-full-03', 'MCQ', 1, 0.5, 'Which number is irrational?', 'Which number is irrational?', 0, NULL, '[{"id":"A","text":"$\\pi$","is_correct":true},{"id":"B","text":"22/7","is_correct":false},{"id":"C","text":"3.14","is_correct":false}]', '{"steps_latex":["Pi is irrational."]}', NULL, NULL, NULL, 20);
INSERT INTO questions (id, set_id, type, marks, difficulty, question_text, question_latex, has_diagram, diagram_svg, options_json, solution_json, unit, topic, case_study_json, sort_order) VALUES ('cbse-10-math-full-03-U6-S3-Q09', 'cbse-10-math-full-03', 'MCQ', 1, 0.5, 'The volume of a right circular cone of height 12 cm and slant height 13 cm is:', 'The volume of a right circular cone of height $12\text{ cm}$ and slant height $13\text{ cm}$ is:', 0, NULL, '[{"id":"A","text":"100 pi cm^3","is_correct":true},{"id":"B","text":"120 pi cm^3","is_correct":false},{"id":"C","text":"50 pi cm^3","is_correct":false},{"id":"D","text":"300 pi cm^3","is_correct":false}]', '{"steps_latex":["$h=12, l=13$. Radius $r = \\sqrt{l^2 - h^2} = \\sqrt{169 - 144} = \\sqrt{25} = 5$","Volume $= \\frac{1}{3}\\pi r^2 h = \\frac{1}{3} \\pi (25)(12) = 100\\pi\\text{ cm}^3$"]}', NULL, NULL, NULL, 21);
INSERT INTO questions (id, set_id, type, marks, difficulty, question_text, question_latex, has_diagram, diagram_svg, options_json, solution_json, unit, topic, case_study_json, sort_order) VALUES ('cbse-10-math-full-03-U1-S3-Q01', 'cbse-10-math-full-03', 'SA', 2, 0.4, 'Explain why 7 × 11 × 13 + 13 is a composite number.', 'Explain why $7 \times 11 \times 13 + 13$ is a composite number.', 0, NULL, NULL, '{"steps_latex":["Expression $= 13(7 \\times 11 + 1)$","$= 13(77 + 1) = 13 \\times 78$","Since the number has factors other than $1$ and itself (13 and 78), it is **composite**."],"answer":{"correct_answer_latex":"\\text{Composite}"}}', NULL, NULL, NULL, 22);
INSERT INTO questions (id, set_id, type, marks, difficulty, question_text, question_latex, has_diagram, diagram_svg, options_json, solution_json, unit, topic, case_study_json, sort_order) VALUES ('cbse-10-math-full-03-U1-S3-Q02', 'cbse-10-math-full-03', 'SA', 3, 0.5, 'Prove that 2 - 3√5 is an irrational number, given that √5 is irrational.', 'Prove that $2 - 3\sqrt{5}$ is an irrational number, given that $\sqrt{5}$ is irrational.', 0, NULL, NULL, '{"steps_latex":["Let $2 - 3\\sqrt{5} = r$ (rational).","$3\\sqrt{5} = 2 - r$","$\\sqrt{5} = \\frac{2 - r}{3}$","LHS ($\\sqrt{5}$) is irrational. RHS is rational (operation on rationals).","Contradiction. Hence $2 - 3\\sqrt{5}$ is irrational."]}', NULL, NULL, NULL, 23);
INSERT INTO questions (id, set_id, type, marks, difficulty, question_text, question_latex, has_diagram, diagram_svg, options_json, solution_json, unit, topic, case_study_json, sort_order) VALUES ('cbse-10-math-full-03-U3-S3-Q05', 'cbse-10-math-full-03', 'SA', 3, 0.5, 'Find the point on the x-axis which is equidistant from (2, -5) and (-2, 9).', 'Find the point on the $x$-axis which is equidistant from $(2, -5)$ and $(-2, 9)$.', 0, NULL, NULL, '{"steps_latex":["Let point on x-axis be $P(x, 0)$.","$PA^2 = PB^2$","$(x-2)^2 + (0 - (-5))^2 = (x - (-2))^2 + (0 - 9)^2$","$x^2 - 4x + 4 + 25 = x^2 + 4x + 4 + 81$","$-4x + 29 = 4x + 85$","$-8x = 56 \\Rightarrow x = -7$","Point is $(-7, 0)$."],"answer":{"correct_answer_latex":"$(-7, 0)$"}}', NULL, NULL, NULL, 24);
INSERT INTO questions (id, set_id, type, marks, difficulty, question_text, question_latex, has_diagram, diagram_svg, options_json, solution_json, unit, topic, case_study_json, sort_order) VALUES ('cbse-10-math-full-03-U5-S3-Q08', 'cbse-10-math-full-03', 'SA', 3, 0.6, 'If tan (A + B) = sqrt(3) and tan (A - B) = 1/sqrt(3), find A and B.', 'If $\tan(A + B) = \sqrt{3}$ and $\tan(A - B) = \frac{1}{\sqrt{3}}$, $0^\circ < A+B \le 90^\circ$, $A > B$, find $A$ and $B$.', 0, NULL, NULL, '{"steps_latex":["$\\tan(A+B) = \\tan 60^\\circ \\Rightarrow A+B = 60^\\circ$ ... (i)","$\\tan(A-B) = \\tan 30^\\circ \\Rightarrow A-B = 30^\\circ$ ... (ii)","Add (i) and (ii): $2A = 90^\\circ \\Rightarrow A = 45^\\circ$","Subtract: $2B = 30^\\circ \\Rightarrow B = 15^\\circ$"],"answer":{"correct_answer_latex":"$A=45^\\circ, B=15^\\circ$"}}', NULL, NULL, NULL, 25);
INSERT INTO questions (id, set_id, type, marks, difficulty, question_text, question_latex, has_diagram, diagram_svg, options_json, solution_json, unit, topic, case_study_json, sort_order) VALUES ('cbse-10-math-full-03-U7-S3-Q10', 'cbse-10-math-full-03', 'SA', 3, 0.5, 'A die is thrown once. Find the probability of getting (i) a prime number (ii) a number lying between 2 and 6.', 'A die is thrown once. Find the probability of getting:
(i) a prime number
(ii) a number lying between $2$ and $6$.', 0, NULL, NULL, '{"steps_latex":["Total outcomes $= 6$ {1,2,3,4,5,6}","(i) Primes: {2, 3, 5} (3 numbers). $P(\\text{Prime}) = \\frac{3}{6} = \\frac{1}{2}$","(ii) Between 2 and 6: {3, 4, 5} (3 numbers). $P(\\text{Between}) = \\frac{3}{6} = \\frac{1}{2}$"],"answer":{"correct_answer_latex":"$(i) \\frac{1}{2}, (ii) \\frac{1}{2}$"}}', NULL, NULL, NULL, 26);
INSERT INTO questions (id, set_id, type, marks, difficulty, question_text, question_latex, has_diagram, diagram_svg, options_json, solution_json, unit, topic, case_study_json, sort_order) VALUES ('cbse-10-math-full-03-U6-S3-CS1', 'cbse-10-math-full-03', 'CaseStudy', 4, 0.5, 'An ice cream cone has a height of $12\text{ cm}$ and radius $6\text{ cm}$. A scoop of ice cream (hemisphere) is placed on top.', 'An ice cream cone has a height of $12\text{ cm}$ and radius $6\text{ cm}$. A scoop of ice cream (hemisphere) is placed on top.', 1, '<svg viewBox=''0 0 100 200''><path d=''M 50 150 L 20 50 L 80 50 Z'' fill=''#ffeebb'' stroke=''brown''/><path d=''M 20 50 A 30 30 0 0 1 80 50'' fill=''pink'' stroke=''red''/></svg>', NULL, '{}', NULL, NULL, '{"has_diagram":false,"visual_diagram":null,"sub_questions":[{"part":"i","marks":1,"question":{"text_latex":"Volume of conical part."},"solution":{"steps_latex":["$\\frac{1}{3} \\pi (6^2)(12) = 144\\pi$"]}},{"part":"ii","marks":1,"question":{"text_latex":"Volume of hemispherical part."},"solution":{"steps_latex":["$\\frac{2}{3} \\pi (6^3) = 144\\pi$"]}},{"part":"iii","marks":2,"question":{"text_latex":"Total Volume."},"solution":{"steps_latex":["$144\\pi + 144\\pi = 288\\pi \\approx 904.32$"]}}]}', 27);
INSERT INTO questions (id, set_id, type, marks, difficulty, question_text, question_latex, has_diagram, diagram_svg, options_json, solution_json, unit, topic, case_study_json, sort_order) VALUES ('cbse-10-math-full-03-U2-S3-Q03', 'cbse-10-math-full-03', 'LA', 5, 0.7, 'A motor boat whose speed is 18 km/h in still water takes 1 hour more to go 24 km upstream than to return downstream to the same spot. Find the speed of the stream.', 'A motor boat whose speed is $18\text{ km/h}$ in still water takes $1\text{ hour}$ more to go $24\text{ km}$ upstream than to return downstream to the same spot. Find the speed of the stream.', 0, NULL, NULL, '{"steps_latex":["Let speed of stream $= x$ km/h.","Speed upstream $= 18-x$. Speed downstream $= 18+x$.","Time upstream - Time downstream = 1","$\\frac{24}{18-x} - \\frac{24}{18+x} = 1$","$24[\\frac{(18+x) - (18-x)}{324 - x^2}] = 1$","$24(2x) = 324 - x^2$","$x^2 + 48x - 324 = 0$","Roots (using quad formula): $x = 6, x = -54$.","Speed cannot be negative. Thus $x = 6\\text{ km/h}$."],"answer":{"correct_answer_latex":"$6\\text{ km/h}$"}}', NULL, NULL, NULL, 28);
INSERT INTO questions (id, set_id, type, marks, difficulty, question_text, question_latex, has_diagram, diagram_svg, options_json, solution_json, unit, topic, case_study_json, sort_order) VALUES ('cbse-10-math-full-03-U4-S3-Q07', 'cbse-10-math-full-03', 'LA', 5, 0.6, 'Prove that the lengths of tangents drawn from an external point to a circle are equal. Using this, prove that a parallelogram circumscribing a circle is a rhombus.', 'Prove that the lengths of tangents drawn from an external point to a circle are equal. Using this, prove that a parallelogram circumscribing a circle is a **rhombus**.', 1, '<svg viewBox=''0 0 200 200''><circle cx=''100'' cy=''100'' r=''50'' stroke=''black'' fill=''none''/><rect x=''40'' y=''40'' width=''120'' height=''120'' stroke=''black'' fill=''none''/></svg>', NULL, '{"steps_latex":["**Part 1:** Standard Proof of Tangent Lengths (RHS Congruence).","**Part 2:** Let parallelogram be $ABCD$.","$AB = CD, AD = BC$ (Opp sides equal).","Tangents: $AP=AS, BP=BQ, CR=CQ, DR=DS$.","$AB + CD = (AP+BP) + (CR+DR) = AS+BQ+CQ+DS = (AS+DS) + (BQ+CQ) = AD + BC$.","$2AB = 2AD \\Rightarrow AB = AD$.","Since adjacent sides are equal, it is a **Rhombus**."]}', NULL, NULL, NULL, 29);
INSERT INTO questions (id, set_id, type, marks, difficulty, question_text, question_latex, has_diagram, diagram_svg, options_json, solution_json, unit, topic, case_study_json, sort_order) VALUES ('cbse-10-math-full-03-S3-Fill-CS2', 'cbse-10-math-full-03', 'CaseStudy', 4, 0.5, 'A satellite maps a village. School is at origin $(0,0)$. Library is at $(4,0)$. Park is at $(0,3)$.', 'A satellite maps a village. School is at origin $(0,0)$. Library is at $(4,0)$. Park is at $(0,3)$.', 1, '<svg viewBox=''0 0 200 200''><line x1=''10'' y1=''180'' x2=''190'' y2=''180'' stroke=''black''/><line x1=''20'' y1=''190'' x2=''20'' y2=''10'' stroke=''black''/><text x=''30'' y=''30''>Park (0,3)</text><text x=''150'' y=''170''>Lib (4,0)</text><circle cx=''20'' cy=''180'' r=''4'' fill=''red''/><circle cx=''100'' cy=''120'' r=''4'' fill=''blue''/><path d=''M 20 180 L 100 120'' stroke=''gray'' stroke-dasharray=''4''/></svg>', NULL, '{}', NULL, NULL, '{"has_diagram":false,"visual_diagram":null,"sub_questions":[{"part":"i","marks":1,"question":{"text_latex":"Distance between Library and Park."},"solution":{"steps_latex":["$\\sqrt{(4-0)^2 + (0-3)^2} = 5$"]}},{"part":"ii","marks":1,"question":{"text_latex":"Distance between School and Park."},"solution":{"steps_latex":["3 units"]}},{"part":"iii","marks":2,"question":{"text_latex":"If a House is at the midpoint of Library and Park, find its coordinates."},"solution":{"steps_latex":["$(\\frac{4+0}{2}, \\frac{0+3}{2}) = (2, 1.5)$"]}}]}', 30);
INSERT INTO questions (id, set_id, type, marks, difficulty, question_text, question_latex, has_diagram, diagram_svg, options_json, solution_json, unit, topic, case_study_json, sort_order) VALUES ('cbse-10-math-full-03-S3-Fill-CS3', 'cbse-10-math-full-03', 'CaseStudy', 4, 0.5, 'The path of a coaster is given by $p(x) = x^2 - 8x + 12$.', 'The path of a coaster is given by $p(x) = x^2 - 8x + 12$.', 1, '<svg viewBox=''0 0 200 150''><path d=''M 10 100 Q 100 0 190 100'' fill=''none'' stroke=''blue'' stroke-width=''3''/><line x1=''10'' y1=''120'' x2=''190'' y2=''120'' stroke=''black''/></svg>', NULL, '{}', NULL, NULL, '{"has_diagram":false,"visual_diagram":null,"sub_questions":[{"part":"i","marks":1,"question":{"text_latex":"Find the zeroes."},"solution":{"steps_latex":["$(x-6)(x-2)=0 \\Rightarrow 2, 6$"]}},{"part":"ii","marks":1,"question":{"text_latex":"At $x=0$, what is the height?"},"solution":{"steps_latex":["$0 - 0 + 12 = 12$"]}},{"part":"iii","marks":2,"question":{"text_latex":"Find the minimum point (Vertex)."},"solution":{"steps_latex":["$x = -b/2a = 8/2 = 4$. $y = 16 - 32 + 12 = -4$. Point $(4, -4)$."]}}]}', 31);

-- Exam Set 4
INSERT INTO exam_sets (id, exam_type, grade, subject, test_type, name, total_questions, total_marks, duration_minutes, is_free) VALUES ('cbse-10-math-full-04', 'CBSE', '10', 'mathematics', 'full', 'CBSE Class 10 Mathematics - Full Mock Test 4', 33, 80, 90, 1);

-- Questions
INSERT INTO questions (id, set_id, type, marks, difficulty, question_text, question_latex, has_diagram, diagram_svg, options_json, solution_json, unit, topic, case_study_json, sort_order) VALUES ('cbse-10-math-full-04-S4-Fill-MCQ01', 'cbse-10-math-full-04', 'MCQ', 1, 0.5, 'The sum of first $n$ odd natural numbers is:', 'The sum of first $n$ odd natural numbers is:', 0, NULL, '[{"id":"A","text":"2n-1","is_correct":false},{"id":"B","text":"2n+1","is_correct":false},{"id":"C","text":"n^2","is_correct":true}]', '{"steps_latex":["$1, 3, 5 \\dots$ is AP. $S_n = n^2$."]}', NULL, NULL, NULL, 1);
INSERT INTO questions (id, set_id, type, marks, difficulty, question_text, question_latex, has_diagram, diagram_svg, options_json, solution_json, unit, topic, case_study_json, sort_order) VALUES ('cbse-10-math-full-04-S4-Fill-MCQ02', 'cbse-10-math-full-04', 'MCQ', 1, 0.5, 'In $\triangle ABC$, right angled at $B$, if $\tan A = \frac{1}{\sqrt{3}}$, then $\sin A \cos C + \cos A \sin C = $', 'In $\triangle ABC$, right angled at $B$, if $\tan A = \frac{1}{\sqrt{3}}$, then $\sin A \cos C + \cos A \sin C = $', 0, NULL, '[{"id":"A","text":"1","is_correct":true},{"id":"B","text":"0","is_correct":false}]', '{"steps_latex":["$A=30, C=60$. $\\sin 30 \\cos 60 + \\cos 30 \\sin 60 = 1/4 + 3/4 = 1$."]}', NULL, NULL, NULL, 2);
INSERT INTO questions (id, set_id, type, marks, difficulty, question_text, question_latex, has_diagram, diagram_svg, options_json, solution_json, unit, topic, case_study_json, sort_order) VALUES ('cbse-10-math-full-04-S4-Fill-MCQ03', 'cbse-10-math-full-04', 'MCQ', 1, 0.5, 'Area of a quadrant of a circle of circumference 22 cm is:', 'Area of a quadrant of a circle of circumference 22 cm is:', 0, NULL, '[{"id":"A","text":"77/8","is_correct":true},{"id":"B","text":"77/2","is_correct":false}]', '{"steps_latex":["$2\\pi r = 22 \\Rightarrow r = 3.5$. Area $= \\frac{1}{4} \\pi r^2 = 77/8$."]}', NULL, NULL, NULL, 3);
INSERT INTO questions (id, set_id, type, marks, difficulty, question_text, question_latex, has_diagram, diagram_svg, options_json, solution_json, unit, topic, case_study_json, sort_order) VALUES ('cbse-10-math-full-04-S4-Fill-MCQ04', 'cbse-10-math-full-04', 'MCQ', 1, 0.5, 'Distance between $(0, 5)$ and $(-5, 0)$ is:', 'Distance between $(0, 5)$ and $(-5, 0)$ is:', 0, NULL, '[{"id":"A","text":"5","is_correct":false},{"id":"B","text":"5\\sqrt{2}","is_correct":true}]', '{"steps_latex":["$\\sqrt{25+25} = \\sqrt{50} = 5\\sqrt{2}$."]}', NULL, NULL, NULL, 4);
INSERT INTO questions (id, set_id, type, marks, difficulty, question_text, question_latex, has_diagram, diagram_svg, options_json, solution_json, unit, topic, case_study_json, sort_order) VALUES ('cbse-10-math-full-04-S4-Fill-MCQ05', 'cbse-10-math-full-04', 'MCQ', 1, 0.5, 'If $P(E) = 0.07$, then $P(\text{not } E) = $', 'If $P(E) = 0.07$, then $P(\text{not } E) = $', 0, NULL, '[{"id":"A","text":"0.93","is_correct":true},{"id":"B","text":"0.03","is_correct":false}]', '{"steps_latex":["$1 - 0.07 = 0.93$"]}', NULL, NULL, NULL, 5);
INSERT INTO questions (id, set_id, type, marks, difficulty, question_text, question_latex, has_diagram, diagram_svg, options_json, solution_json, unit, topic, case_study_json, sort_order) VALUES ('cbse-10-math-full-04-S4-Fill-MCQ06', 'cbse-10-math-full-04', 'MCQ', 1, 0.5, 'Class mark of class 10-25 is:', 'Class mark of class 10-25 is:', 0, NULL, '[{"id":"A","text":"17.5","is_correct":true},{"id":"B","text":"15","is_correct":false}]', '{"steps_latex":["$(10+25)/2 = 35/2 = 17.5$"]}', NULL, NULL, NULL, 6);
INSERT INTO questions (id, set_id, type, marks, difficulty, question_text, question_latex, has_diagram, diagram_svg, options_json, solution_json, unit, topic, case_study_json, sort_order) VALUES ('cbse-10-math-full-04-S4-Fill-MCQ07', 'cbse-10-math-full-04', 'MCQ', 1, 0.5, 'Values of $k$ for quadratic eq $2x^2 - kx + k = 0$ to have equal roots is:', 'Values of $k$ for quadratic eq $2x^2 - kx + k = 0$ to have equal roots is:', 0, NULL, '[{"id":"A","text":"0, 4","is_correct":false},{"id":"B","text":"0, 8","is_correct":true}]', '{"steps_latex":["$b^2 - 4ac = 0 \\Rightarrow k^2 - 8k = 0 \\Rightarrow k(k-8)=0$."]}', NULL, NULL, NULL, 7);
INSERT INTO questions (id, set_id, type, marks, difficulty, question_text, question_latex, has_diagram, diagram_svg, options_json, solution_json, unit, topic, case_study_json, sort_order) VALUES ('cbse-10-math-full-04-S4-Fill-MCQ08', 'cbse-10-math-full-04', 'MCQ', 1, 0.5, 'The value of $\sin^2 29^\circ + \sin^2 61^\circ$ is:', 'The value of $\sin^2 29^\circ + \sin^2 61^\circ$ is:', 0, NULL, '[{"id":"A","text":"1","is_correct":true},{"id":"B","text":"0","is_correct":false}]', '{"steps_latex":["$\\sin 61 = \\cos 29$. Identity $\\sin^2 + \\cos^2 = 1$."]}', NULL, NULL, NULL, 8);
INSERT INTO questions (id, set_id, type, marks, difficulty, question_text, question_latex, has_diagram, diagram_svg, options_json, solution_json, unit, topic, case_study_json, sort_order) VALUES ('cbse-10-math-full-04-S4-Fill-Gen1', 'cbse-10-math-full-04', 'MCQ', 1, 0.5, 'Probability of sure event.', 'Probability of sure event.', 0, NULL, '[{"id":"A","text":"1","is_correct":true},{"id":"B","text":"0","is_correct":false}]', '{"steps_latex":["1"]}', NULL, NULL, NULL, 9);
INSERT INTO questions (id, set_id, type, marks, difficulty, question_text, question_latex, has_diagram, diagram_svg, options_json, solution_json, unit, topic, case_study_json, sort_order) VALUES ('cbse-10-math-full-04-S4-Fill-Gen2', 'cbse-10-math-full-04', 'MCQ', 1, 0.5, 'Product of zeroes of $x^2-1$.', 'Product of zeroes of $x^2-1$.', 0, NULL, '[{"id":"A","text":"-1","is_correct":true},{"id":"B","text":"1","is_correct":false}]', '{"steps_latex":["-1/1 = -1"]}', NULL, NULL, NULL, 10);
INSERT INTO questions (id, set_id, type, marks, difficulty, question_text, question_latex, has_diagram, diagram_svg, options_json, solution_json, unit, topic, case_study_json, sort_order) VALUES ('cbse-10-math-full-04-S4-Fill-Gen3', 'cbse-10-math-full-04', 'MCQ', 1, 0.5, 'Mode + 2Mean = ', 'Mode + 2Mean = ', 0, NULL, '[{"id":"A","text":"3Median","is_correct":true},{"id":"B","text":"Median","is_correct":false}]', '{"steps_latex":["Formula."]}', NULL, NULL, NULL, 11);
INSERT INTO questions (id, set_id, type, marks, difficulty, question_text, question_latex, has_diagram, diagram_svg, options_json, solution_json, unit, topic, case_study_json, sort_order) VALUES ('cbse-10-math-full-04-S4-Fill-Gen4', 'cbse-10-math-full-04', 'MCQ', 1, 0.5, '$(\sec A + \tan A)(1 - \sin A) =$', '$(\sec A + \tan A)(1 - \sin A) =$', 0, NULL, '[{"id":"A","text":"$\\cos A$","is_correct":true},{"id":"B","text":"$\\sin A$","is_correct":false}]', '{"steps_latex":["Simpify."]}', NULL, NULL, NULL, 12);
INSERT INTO questions (id, set_id, type, marks, difficulty, question_text, question_latex, has_diagram, diagram_svg, options_json, solution_json, unit, topic, case_study_json, sort_order) VALUES ('cbse-10-math-full-04-S4-Fill-Gen5', 'cbse-10-math-full-04', 'MCQ', 1, 0.5, 'Number of tangents from point inside circle.', 'Number of tangents from point inside circle.', 0, NULL, '[{"id":"A","text":"0","is_correct":true},{"id":"B","text":"2","is_correct":false}]', '{"steps_latex":["0"]}', NULL, NULL, NULL, 13);
INSERT INTO questions (id, set_id, type, marks, difficulty, question_text, question_latex, has_diagram, diagram_svg, options_json, solution_json, unit, topic, case_study_json, sort_order) VALUES ('cbse-10-math-full-04-S4-Fill-Gen6', 'cbse-10-math-full-04', 'MCQ', 1, 0.5, 'Roots of $x^2 + 7x + 10$.', 'Roots of $x^2 + 7x + 10$.', 0, NULL, '[{"id":"A","text":"-2, -5","is_correct":true},{"id":"B","text":"2, 5","is_correct":false}]', '{"steps_latex":["Factor."]}', NULL, NULL, NULL, 14);
INSERT INTO questions (id, set_id, type, marks, difficulty, question_text, question_latex, has_diagram, diagram_svg, options_json, solution_json, unit, topic, case_study_json, sort_order) VALUES ('cbse-10-math-full-04-S4-Fill-Gen7', 'cbse-10-math-full-04', 'MCQ', 1, 0.5, 'Distance of $(3,4)$ from origin.', 'Distance of $(3,4)$ from origin.', 0, NULL, '[{"id":"A","text":"5","is_correct":true},{"id":"B","text":"7","is_correct":false}]', '{"steps_latex":["5"]}', NULL, NULL, NULL, 15);
INSERT INTO questions (id, set_id, type, marks, difficulty, question_text, question_latex, has_diagram, diagram_svg, options_json, solution_json, unit, topic, case_study_json, sort_order) VALUES ('cbse-10-math-full-04-S4-Fill-Gen8', 'cbse-10-math-full-04', 'MCQ', 1, 0.5, 'Volume of sphere radius r.', 'Volume of sphere radius r.', 0, NULL, '[{"id":"A","text":"$\\frac{4}{3}\\pi r^3$","is_correct":true},{"id":"B","text":"$\\pi r^2$","is_correct":false}]', '{"steps_latex":["Formula."]}', NULL, NULL, NULL, 16);
INSERT INTO questions (id, set_id, type, marks, difficulty, question_text, question_latex, has_diagram, diagram_svg, options_json, solution_json, unit, topic, case_study_json, sort_order) VALUES ('cbse-10-math-full-04-S4-Fill-Gen9', 'cbse-10-math-full-04', 'MCQ', 1, 0.5, 'Mean of first 5 natural numbers.', 'Mean of first 5 natural numbers.', 0, NULL, '[{"id":"A","text":"3","is_correct":true},{"id":"B","text":"2.5","is_correct":false}]', '{"steps_latex":["15/5 = 3"]}', NULL, NULL, NULL, 17);
INSERT INTO questions (id, set_id, type, marks, difficulty, question_text, question_latex, has_diagram, diagram_svg, options_json, solution_json, unit, topic, case_study_json, sort_order) VALUES ('cbse-10-math-full-04-S4-Fill-Gen10', 'cbse-10-math-full-04', 'MCQ', 1, 0.5, '10th term of AP 2, 7, 12...', '10th term of AP 2, 7, 12...', 0, NULL, '[{"id":"A","text":"47","is_correct":true},{"id":"B","text":"57","is_correct":false}]', '{"steps_latex":["2 + 45 = 47"]}', NULL, NULL, NULL, 18);
INSERT INTO questions (id, set_id, type, marks, difficulty, question_text, question_latex, has_diagram, diagram_svg, options_json, solution_json, unit, topic, case_study_json, sort_order) VALUES ('cbse-10-math-full-04-S4-Fill-Gen11', 'cbse-10-math-full-04', 'MCQ', 1, 0.5, 'If perimeter and area of circle are numerically equal, radius is:', 'If perimeter and area of circle are numerically equal, radius is:', 0, NULL, '[{"id":"A","text":"2 units","is_correct":true},{"id":"B","text":"1 unit","is_correct":false}]', '{"steps_latex":["$2\\pi r = \\pi r^2 \\Rightarrow r=2$"]}', NULL, NULL, NULL, 19);
INSERT INTO questions (id, set_id, type, marks, difficulty, question_text, question_latex, has_diagram, diagram_svg, options_json, solution_json, unit, topic, case_study_json, sort_order) VALUES ('cbse-10-math-full-04-U3-S4-Q04', 'cbse-10-math-full-04', 'MCQ', 1, 0.4, 'The coordinates of the point which divides the join of (-1, 7) and (4, -3) in the ratio 2:3 is:', 'The coordinates of the point which divides the join of $(-1, 7)$ and $(4, -3)$ in the ratio $2:3$ is:', 0, NULL, '[{"id":"A","text":"(1, 3)","is_correct":true},{"id":"B","text":"(2, 3)","is_correct":false}]', '{"steps_latex":["$x = \\frac{2(4) + 3(-1)}{2+3} = \\frac{8-3}{5} = 1$","$y = \\frac{2(-3) + 3(7)}{2+3} = \\frac{-6+21}{5} = 3$","Point $(1, 3)$"]}', NULL, NULL, NULL, 20);
INSERT INTO questions (id, set_id, type, marks, difficulty, question_text, question_latex, has_diagram, diagram_svg, options_json, solution_json, unit, topic, case_study_json, sort_order) VALUES ('cbse-10-math-full-04-U7-S4-Q08', 'cbse-10-math-full-04', 'SA', 2, 0.4, 'A bag contains 5 red balls and some blue balls. If the probability of drawing a blue ball is double that of a red ball, determine the number of blue balls in the bag.', 'A bag contains $5$ red balls and some blue balls. If the probability of drawing a blue ball is double that of a red ball, determine the number of blue balls in the bag.', 0, NULL, NULL, '{"steps_latex":["Let blue balls $= x$. Total $= 5+x$.","$P(\\text{Blue}) = \\frac{x}{5+x}, P(\\text{Red}) = \\frac{5}{5+x}$.","Given: $P(\\text{Blue}) = 2 \\times P(\\text{Red})$","$\\frac{x}{5+x} = 2 \\times \\frac{5}{5+x}$","$x = 10$"],"answer":{"correct_answer_latex":"$10$"}}', NULL, NULL, NULL, 21);
INSERT INTO questions (id, set_id, type, marks, difficulty, question_text, question_latex, has_diagram, diagram_svg, options_json, solution_json, unit, topic, case_study_json, sort_order) VALUES ('cbse-10-math-full-04-S4-Fill-Gen12', 'cbse-10-math-full-04', 'SA', 2, 0.5, 'Find the discriminant of $3x^2 - 2x + rac{1}{3} = 0$.', 'Find the discriminant of $3x^2 - 2x + rac{1}{3} = 0$.', 0, NULL, NULL, '{"steps_latex":["$b^2 - 4ac = 4 - 4(3)(1/3) = 4 - 4 = 0$."]}', NULL, NULL, NULL, 22);
INSERT INTO questions (id, set_id, type, marks, difficulty, question_text, question_latex, has_diagram, diagram_svg, options_json, solution_json, unit, topic, case_study_json, sort_order) VALUES ('cbse-10-math-full-04-U1-S4-Q01', 'cbse-10-math-full-04', 'SA', 2, 0.4, 'Find the HCF and LCM of 6, 72 and 120, using the prime factorization method.', 'Find the HCF and LCM of $6, 72$ and $120$, using the prime factorization method.', 0, NULL, NULL, '{"steps_latex":["$6 = 2 \\times 3$","$72 = 2^3 \\times 3^2$","$120 = 2^3 \\times 3 \\times 5$","HCF $= 2^1 \\times 3^1 = 6$","LCM $= 2^3 \\times 3^2 \\times 5^1 = 8 \\times 9 \\times 5 = 360$"],"answer":{"correct_answer_latex":"HCF$=6$, LCM$=360$"}}', NULL, NULL, NULL, 23);
INSERT INTO questions (id, set_id, type, marks, difficulty, question_text, question_latex, has_diagram, diagram_svg, options_json, solution_json, unit, topic, case_study_json, sort_order) VALUES ('cbse-10-math-full-04-U4-S4-Q05', 'cbse-10-math-full-04', 'SA', 3, 0.5, 'Two concentric circles are of radii 5 cm and 3 cm. Find the length of the chord of the larger circle which touches the smaller circle.', 'Two concentric circles are of radii $5\text{ cm}$ and $3\text{ cm}$. Find the length of the chord of the larger circle which touches the smaller circle.', 1, '<svg viewBox=''0 0 200 200''><circle cx=''100'' cy=''100'' r=''80'' stroke=''black'' fill=''none''/><circle cx=''100'' cy=''100'' r=''48'' stroke=''black'' fill=''none''/><line x1=''36'' y1=''100'' x2=''164'' y2=''100'' stroke=''black''/><line x1=''100'' y1=''100'' x2=''100'' y2=''52'' stroke=''black'' stroke-dasharray=''4''/><text x=''110'' y=''80''>3</text><text x=''70'' y=''90''>5</text></svg>', NULL, '{"steps_latex":["Let chord be $AB$ touching smaller circle at $P$. $OP \\perp AB$.","In $\\triangle OPA$: $OA=5, OP=3$.","$AP = \\sqrt{5^2 - 3^2} = \\sqrt{16} = 4$.","Length of chord $AB = 2 \\times AP = 8\\text{ cm}$."],"answer":{"correct_answer_latex":"$8\\text{ cm}$"}}', NULL, NULL, NULL, 24);
INSERT INTO questions (id, set_id, type, marks, difficulty, question_text, question_latex, has_diagram, diagram_svg, options_json, solution_json, unit, topic, case_study_json, sort_order) VALUES ('cbse-10-math-full-04-U5-S4-Q06', 'cbse-10-math-full-04', 'SA', 3, 0.6, 'Prove that: (sin A - 2 sin^3 A) / (2 cos^3 A - cos A) = tan A', 'Prove that: $\frac{\sin \theta - 2 \sin^3 \theta}{2 \cos^3 \theta - \cos \theta} = \tan \theta$', 0, NULL, NULL, '{"steps_latex":["LHS $= \\frac{\\sin \\theta(1 - 2\\sin^2 \\theta)}{\\cos \\theta(2\\cos^2 \\theta - 1)}$","Use $\\sin^2 \\theta = 1 - \\cos^2 \\theta$","Numerator term: $1 - 2(1 - \\cos^2 \\theta) = 1 - 2 + 2\\cos^2 \\theta = 2\\cos^2 \\theta - 1$","LHS $= \\frac{\\sin \\theta(2\\cos^2 \\theta - 1)}{\\cos \\theta(2\\cos^2 \\theta - 1)}$","$= \\frac{\\sin \\theta}{\\cos \\theta} = \\tan \\theta = \\text{RHS}$"],"answer":{"correct_answer_latex":"\\text{Proved}"}}', NULL, NULL, NULL, 25);
INSERT INTO questions (id, set_id, type, marks, difficulty, question_text, question_latex, has_diagram, diagram_svg, options_json, solution_json, unit, topic, case_study_json, sort_order) VALUES ('cbse-10-math-full-04-S4-Fill-Gen13', 'cbse-10-math-full-04', 'SA', 3, 0.5, 'Prove that the parallelogram circumscribing a circle is a rhombus.', 'Prove that the parallelogram circumscribing a circle is a rhombus.', 0, NULL, NULL, '{"steps_latex":["(Standard Proof same as Set 03, strictly valid for curriculum)"]}', NULL, NULL, NULL, 26);
INSERT INTO questions (id, set_id, type, marks, difficulty, question_text, question_latex, has_diagram, diagram_svg, options_json, solution_json, unit, topic, case_study_json, sort_order) VALUES ('cbse-10-math-full-04-U2-S4-Q03', 'cbse-10-math-full-04', 'SA', 3, 0.5, 'If one root of the quadratic equation 4x^2 - 2x + (k-4) = 0 is the reciprocal of the other, find the value of k.', 'If one root of the quadratic equation $4x^2 - 2x + (k-4) = 0$ is the reciprocal of the other, find the value of $k$.', 0, NULL, NULL, '{"steps_latex":["Let roots be $\\alpha$ and $1/\\alpha$.","Product of roots $\\alpha \\cdot (1/\\alpha) = 1$.","Product $= c/a = \\frac{k-4}{4}$.","$\\frac{k-4}{4} = 1 \\Rightarrow k-4 = 4 \\Rightarrow k = 8$."],"answer":{"correct_answer_latex":"$k=8$"}}', NULL, NULL, NULL, 27);
INSERT INTO questions (id, set_id, type, marks, difficulty, question_text, question_latex, has_diagram, diagram_svg, options_json, solution_json, unit, topic, case_study_json, sort_order) VALUES ('cbse-10-math-full-04-U6-S4-Q07', 'cbse-10-math-full-04', 'LA', 5, 0.6, 'A well of diameter 3m is dug 14 m deep. The earth taken out of it has been spread evenly all around it in the shape of a circular ring of width 4m to form an embankment. Find the height of the embankment.', 'A well of diameter $3\text{ m}$ is dug $14\text{ m}$ deep. The earth taken out of it has been spread evenly all around it in the shape of a circular ring of width $4\text{ m}$ to form an embankment. Find the height of the embankment.', 0, NULL, NULL, '{"steps_latex":["Radius of well $r = 1.5\\text{ m}$. Depth $h = 14\\text{ m}$.","Volume of earth $= \\pi r^2 h = \\pi (1.5)^2 (14) = 31.5\\pi$.","Embankment is a hollow cylinder. Inner radius $r_1 = 1.5$. Width $= 4$.","Outer radius $r_2 = 1.5 + 4 = 5.5\\text{ m}$.","Area of base $= \\pi (r_2^2 - r_1^2) = \\pi (5.5^2 - 1.5^2) = \\pi (30.25 - 2.25) = 28\\pi$.","Height $H = \\text{Volume} / \\text{Area} = \\frac{31.5\\pi}{28\\pi} = 1.125\\text{ m}$."],"answer":{"correct_answer_latex":"$1.125\\text{ m}$"}}', NULL, NULL, NULL, 28);
INSERT INTO questions (id, set_id, type, marks, difficulty, question_text, question_latex, has_diagram, diagram_svg, options_json, solution_json, unit, topic, case_study_json, sort_order) VALUES ('cbse-10-math-full-04-S4-Fill-CS1', 'cbse-10-math-full-04', 'CaseStudy', 4, 0.5, 'A tower stands vertically. From a point 15m away, elevation is $60^\circ$.', 'A tower stands vertically. From a point 15m away, elevation is $60^\circ$.', 1, '<svg viewBox=''0 0 300 250'' xmlns=''http://www.w3.org/2000/svg''>
  <rect width=''300'' height=''250'' fill=''#e0ffff''/>
  <rect y=''220'' width=''300'' height=''30'' fill=''#deb887''/>
  
  <!-- Tower -->
  <rect x=''180'' y=''50'' width=''60'' height=''170'' fill=''#d3d3d3'' stroke=''#696969'' stroke-width=''2''/>
  <!-- Windows -->
  <rect x=''195'' y=''70'' width=''30'' height=''20'' fill=''#87ceeb''/>
  <rect x=''195'' y=''110'' width=''30'' height=''20'' fill=''#87ceeb''/>
  <rect x=''195'' y=''150'' width=''30'' height=''20'' fill=''#87ceeb''/>
  
  <!-- Roof -->
  <polygon points=''170,50 250,50 210,10'' fill=''#cd5c5c''/>
  
  <!-- Observer Line -->
  <line x1=''50'' y1=''220'' x2=''180'' y2=''10'' stroke=''red'' stroke-width=''2'' stroke-dasharray=''4,4''/>
  
  <!-- Labels -->
  <text x=''40'' y=''240'' font-weight=''bold''>Observer</text>
  <text x=''190'' y=''240'' font-weight=''bold''>Tower Base</text>
</svg>', NULL, '{}', NULL, NULL, '{"has_diagram":false,"visual_diagram":null,"sub_questions":[{"part":"i","marks":1,"question":{"text_latex":"Height of tower."},"solution":{"steps_latex":["$15 \\tan 60 = 15\\sqrt{3}$."]}},{"part":"ii","marks":1,"question":{"text_latex":"Distance from top to point."},"solution":{"steps_latex":["$15 / \\cos 60 = 30$."]}},{"part":"iii","marks":2,"question":{"text_latex":"Area of triangle formed."},"solution":{"steps_latex":["$0.5 \\times 15 \\times 15\\sqrt{3}$."]}}]}', 29);
INSERT INTO questions (id, set_id, type, marks, difficulty, question_text, question_latex, has_diagram, diagram_svg, options_json, solution_json, unit, topic, case_study_json, sort_order) VALUES ('cbse-10-math-full-04-S4-Fill-CS2', 'cbse-10-math-full-04', 'CaseStudy', 4, 0.5, 'A potato race. Potatoes placed at 5m, 8m, 11m... from bucket.', 'A potato race. Potatoes placed at 5m, 8m, 11m... from bucket.', 1, '<svg viewBox=''0 0 400 150'' xmlns=''http://www.w3.org/2000/svg''>
  <rect width=''400'' height=''150'' fill=''#fff5ee''/>
  <line x1=''20'' y1=''120'' x2=''380'' y2=''120'' stroke=''#8b4513'' stroke-width=''4''/>
  
  <!-- Bucket -->
  <path d=''M40,120 L50,80 L80,80 L90,120 Z'' fill=''#a0522d'' stroke=''black''/>
  <text x=''50'' y=''110'' fill=''white'' font-size=''10''>Bucket</text>
  
  <!-- Potatoes -->
  <circle cx=''130'' cy=''120'' r=''6'' fill=''#daa520'' stroke=''black''/>
  <text x=''125'' y=''140'' font-size=''10''>5m</text>
  
  <circle cx=''180'' cy=''120'' r=''6'' fill=''#daa520'' stroke=''black''/>
  <text x=''175'' y=''140'' font-size=''10''>8m</text>
  
  <circle cx=''230'' cy=''120'' r=''6'' fill=''#daa520'' stroke=''black''/>
  <text x=''225'' y=''140'' font-size=''10''>11m</text>
  
  <!-- Runner -->
  <circle cx=''65'' cy=''100'' r=''8'' fill=''#4682b4''/>
  <line x1=''65'' y1=''108'' x2=''65'' y2=''120'' stroke=''#4682b4'' stroke-width=''2''/>
</svg>', NULL, '{}', NULL, NULL, '{"has_diagram":false,"visual_diagram":null,"sub_questions":[{"part":"i","marks":1,"question":{"text_latex":"Common difference."},"solution":{"steps_latex":["$8-5=3$."]}},{"part":"ii","marks":1,"question":{"text_latex":"Distance for 10th potato."},"solution":{"steps_latex":["$a_{10} = 5 + 9(3) = 32$."]}},{"part":"iii","marks":2,"question":{"text_latex":"Total distance run for 10 potatoes (there and back)."},"solution":{"steps_latex":["$2 \\times S_{10}$. $S_{10} = 5(10 + 32)/2$."]}}]}', 30);
INSERT INTO questions (id, set_id, type, marks, difficulty, question_text, question_latex, has_diagram, diagram_svg, options_json, solution_json, unit, topic, case_study_json, sort_order) VALUES ('cbse-10-math-full-04-S4-Fill-CS3', 'cbse-10-math-full-04', 'CaseStudy', 4, 0.5, 'Four friends at $A(1,1), B(4,1), C(4,4), D(1,4)$.', 'Four friends at $A(1,1), B(4,1), C(4,4), D(1,4)$.', 1, '<svg viewBox=''0 0 300 200'' xmlns=''http://www.w3.org/2000/svg''>
  <defs>
    <pattern id=''grass'' patternUnits=''userSpaceOnUse'' width=''20'' height=''20''>
      <circle cx=''5'' cy=''5'' r=''2'' fill=''#98fb98''/>
    </pattern>
  </defs>
  
  <!-- Soil -->
  <rect x=''0'' y=''0'' width=''300'' height=''200'' fill=''#fff8dc''/>
  
  <!-- Garden Plot -->
  <rect x=''50'' y=''50'' width=''200'' height=''100'' fill=''url(#grass)'' stroke=''#2e8b57'' stroke-width=''4''/>
  
  <!-- Trees/Plants corners -->
  <circle cx=''60'' cy=''60'' r=''8'' fill=''#228b22''/>
  <circle cx=''240'' cy=''60'' r=''8'' fill=''#228b22''/>
  <circle cx=''60'' cy=''140'' r=''8'' fill=''#228b22''/>
  <circle cx=''240'' cy=''140'' r=''8'' fill=''#228b22''/>
  
  <!-- Dimensions -->
  <text x=''130'' y=''40'' font-family=''Arial'' font-size=''14'' font-weight=''bold'' fill=''#2e8b57''>x + 5 m</text>
  <text x=''260'' y=''100'' font-family=''Arial'' font-size=''14'' font-weight=''bold'' fill=''#2e8b57''>x m</text>
  <text x=''110'' y=''110'' font-family=''Arial'' font-size=''16'' fill=''#fff'' stroke=''#000'' stroke-width=''0.5''>Area = 100 m²</text>
</svg>', NULL, '{}', NULL, NULL, '{"has_diagram":false,"visual_diagram":null,"sub_questions":[{"part":"i","marks":1,"question":{"text_latex":"Distance AB."},"solution":{"steps_latex":["3 units."]}},{"part":"ii","marks":1,"question":{"text_latex":"Shape formed."},"solution":{"steps_latex":["Square."]}},{"part":"iii","marks":2,"question":{"text_latex":"Diagonal AC."},"solution":{"steps_latex":["$\\sqrt{3^2+3^2} = 3\\sqrt{2}$."]}}]}', 31);
INSERT INTO questions (id, set_id, type, marks, difficulty, question_text, question_latex, has_diagram, diagram_svg, options_json, solution_json, unit, topic, case_study_json, sort_order) VALUES ('cbse-10-math-full-04-S4-Fill-Gen14', 'cbse-10-math-full-04', 'LA', 5, 0.5, 'State and prove Basic Proportionality Theorem.', 'State and prove Basic Proportionality Theorem.', 0, NULL, NULL, '{"steps_latex":["(Standard Proof of Thales Theorem)."]}', NULL, NULL, NULL, 32);
INSERT INTO questions (id, set_id, type, marks, difficulty, question_text, question_latex, has_diagram, diagram_svg, options_json, solution_json, unit, topic, case_study_json, sort_order) VALUES ('cbse-10-math-full-04-U2-S4-Q02', 'cbse-10-math-full-04', 'LA', 5, 0.6, 'The sum of a two-digit number and the number obtained by reversing the digits is 66. If the digits of the number differ by 2, find the number. How many such numbers are there?', 'The sum of a two-digit number and the number obtained by reversing the digits is $66$. If the digits of the number differ by $2$, find the number. How many such numbers are there?', 0, NULL, NULL, '{"steps_latex":["Let digits be $x$ and $y$. Number $= 10x + y$. Reversed $= 10y + x$.","$(10x+y) + (10y+x) = 66 \\Rightarrow 11(x+y) = 66 \\Rightarrow x+y = 6$.","Given difference is 2: $|x-y| = 2$.","Case 1: $x-y=2$. Add to $x+y=6 \\Rightarrow 2x=8 \\Rightarrow x=4, y=2$. Number $42$.","Case 2: $y-x=2$. Sub from $x+y=6 \\Rightarrow 2y=8 \\Rightarrow y=4, x=2$. Number $24$.","There are **two** such numbers: $42$ and $24$."],"answer":{"correct_answer_latex":"$42$ and $24$"}}', NULL, NULL, NULL, 33);

-- Exam Set 5
INSERT INTO exam_sets (id, exam_type, grade, subject, test_type, name, total_questions, total_marks, duration_minutes, is_free) VALUES ('cbse-10-math-full-05', 'CBSE', '10', 'mathematics', 'full', 'CBSE Class 10 Mathematics - Full Mock Test 5', 38, 80, 90, 1);

-- Questions
INSERT INTO questions (id, set_id, type, marks, difficulty, question_text, question_latex, has_diagram, diagram_svg, options_json, solution_json, unit, topic, case_study_json, sort_order) VALUES ('cbse-10-math-full-05-U1-S5-MCQ01', 'cbse-10-math-full-05', 'MCQ', 1, 0.5, 'HCF of 96 and 404 is:', 'HCF of 96 and 404 is:', 0, NULL, '[{"id":"A","text":"4","is_correct":true},{"id":"B","text":"2","is_correct":false}]', '{"steps_latex":["4 divides both."]}', NULL, NULL, NULL, 1);
INSERT INTO questions (id, set_id, type, marks, difficulty, question_text, question_latex, has_diagram, diagram_svg, options_json, solution_json, unit, topic, case_study_json, sort_order) VALUES ('cbse-10-math-full-05-U1-S5-MCQ02', 'cbse-10-math-full-05', 'MCQ', 1, 0.5, 'If $p$ is prime, then $\sqrt{p}$ is:', 'If $p$ is prime, then $\sqrt{p}$ is:', 0, NULL, '[{"id":"A","text":"Irrational","is_correct":true},{"id":"B","text":"Rational","is_correct":false}]', '{"steps_latex":["Property."]}', NULL, NULL, NULL, 2);
INSERT INTO questions (id, set_id, type, marks, difficulty, question_text, question_latex, has_diagram, diagram_svg, options_json, solution_json, unit, topic, case_study_json, sort_order) VALUES ('cbse-10-math-full-05-U2-S5-MCQ03', 'cbse-10-math-full-05', 'MCQ', 1, 0.5, 'Zeroes of $4x^2 - 4x + 1$ are:', 'Zeroes of $4x^2 - 4x + 1$ are:', 0, NULL, '[{"id":"A","text":"1/2, 1/2","is_correct":true},{"id":"B","text":"1, 1","is_correct":false}]', '{"steps_latex":["$(2x-1)^2 = 0$."]}', NULL, NULL, NULL, 3);
INSERT INTO questions (id, set_id, type, marks, difficulty, question_text, question_latex, has_diagram, diagram_svg, options_json, solution_json, unit, topic, case_study_json, sort_order) VALUES ('cbse-10-math-full-05-U2-S5-MCQ04', 'cbse-10-math-full-05', 'MCQ', 1, 0.5, 'If pair of equations is consistent, lines are:', 'If pair of equations is consistent, lines are:', 0, NULL, '[{"id":"A","text":"Intersecting or Coincident","is_correct":true},{"id":"B","text":"Parallel","is_correct":false}]', '{"steps_latex":["Consistent means at least one solution."]}', NULL, NULL, NULL, 4);
INSERT INTO questions (id, set_id, type, marks, difficulty, question_text, question_latex, has_diagram, diagram_svg, options_json, solution_json, unit, topic, case_study_json, sort_order) VALUES ('cbse-10-math-full-05-U2-S5-MCQ05', 'cbse-10-math-full-05', 'MCQ', 1, 0.5, 'Sum of first 20 natural numbers.', 'Sum of first 20 natural numbers.', 0, NULL, '[{"id":"A","text":"210","is_correct":true},{"id":"B","text":"200","is_correct":false}]', '{"steps_latex":["$20(21)/2 = 210$."]}', NULL, NULL, NULL, 5);
INSERT INTO questions (id, set_id, type, marks, difficulty, question_text, question_latex, has_diagram, diagram_svg, options_json, solution_json, unit, topic, case_study_json, sort_order) VALUES ('cbse-10-math-full-05-U3-S5-MCQ06', 'cbse-10-math-full-05', 'MCQ', 1, 0.5, 'Distance between $(a,b)$ and $(-a,-b)$.', 'Distance between $(a,b)$ and $(-a,-b)$.', 0, NULL, '[{"id":"A","text":"$2\\sqrt{a^2+b^2}$","is_correct":true},{"id":"B","text":"$\\sqrt{a^2+b^2}$","is_correct":false}]', '{"steps_latex":["$\\sqrt{(2a)^2 + (2b)^2}$."]}', NULL, NULL, NULL, 6);
INSERT INTO questions (id, set_id, type, marks, difficulty, question_text, question_latex, has_diagram, diagram_svg, options_json, solution_json, unit, topic, case_study_json, sort_order) VALUES ('cbse-10-math-full-05-U4-S5-MCQ07', 'cbse-10-math-full-05', 'MCQ', 1, 0.5, 'If $\triangle ABC \sim \triangle DEF$, $AB=4, DE=2$, then Area ratio is:', 'If $\triangle ABC \sim \triangle DEF$, $AB=4, DE=2$, then Area ratio is:', 0, NULL, '[{"id":"A","text":"4:1","is_correct":true},{"id":"B","text":"2:1","is_correct":false}]', '{"steps_latex":["$2^2 : 1^2 = 4:1$."]}', NULL, NULL, NULL, 7);
INSERT INTO questions (id, set_id, type, marks, difficulty, question_text, question_latex, has_diagram, diagram_svg, options_json, solution_json, unit, topic, case_study_json, sort_order) VALUES ('cbse-10-math-full-05-U4-S5-MCQ08', 'cbse-10-math-full-05', 'MCQ', 1, 0.5, 'Angle in a semi-circle is:', 'Angle in a semi-circle is:', 0, NULL, '[{"id":"A","text":"$90^\\circ$","is_correct":true},{"id":"B","text":"$45^\\circ$","is_correct":false}]', '{"steps_latex":["Standard theorem."]}', NULL, NULL, NULL, 8);
INSERT INTO questions (id, set_id, type, marks, difficulty, question_text, question_latex, has_diagram, diagram_svg, options_json, solution_json, unit, topic, case_study_json, sort_order) VALUES ('cbse-10-math-full-05-U5-S5-MCQ09', 'cbse-10-math-full-05', 'MCQ', 1, 0.5, 'If $\sin A = 3/5$, then $\tan A =$', 'If $\sin A = 3/5$, then $\tan A =$', 0, NULL, '[{"id":"A","text":"3/4","is_correct":true},{"id":"B","text":"4/3","is_correct":false}]', '{"steps_latex":["Pythagoras 3-4-5."]}', NULL, NULL, NULL, 9);
INSERT INTO questions (id, set_id, type, marks, difficulty, question_text, question_latex, has_diagram, diagram_svg, options_json, solution_json, unit, topic, case_study_json, sort_order) VALUES ('cbse-10-math-full-05-U5-S5-MCQ10', 'cbse-10-math-full-05', 'MCQ', 1, 0.5, '$9 \sec^2 A - 9 \tan^2 A =$', '$9 \sec^2 A - 9 \tan^2 A =$', 0, NULL, '[{"id":"A","text":"9","is_correct":true},{"id":"B","text":"1","is_correct":false}]', '{"steps_latex":["$9(1) = 9$."]}', NULL, NULL, NULL, 10);
INSERT INTO questions (id, set_id, type, marks, difficulty, question_text, question_latex, has_diagram, diagram_svg, options_json, solution_json, unit, topic, case_study_json, sort_order) VALUES ('cbse-10-math-full-05-U6-S5-MCQ11', 'cbse-10-math-full-05', 'MCQ', 1, 0.5, 'Ratio of volumes of two spheres of radii 1:2 is:', 'Ratio of volumes of two spheres of radii 1:2 is:', 0, NULL, '[{"id":"A","text":"1:8","is_correct":true},{"id":"B","text":"1:4","is_correct":false}]', '{"steps_latex":["Cube of radii."]}', NULL, NULL, NULL, 11);
INSERT INTO questions (id, set_id, type, marks, difficulty, question_text, question_latex, has_diagram, diagram_svg, options_json, solution_json, unit, topic, case_study_json, sort_order) VALUES ('cbse-10-math-full-05-U7-S5-MCQ12', 'cbse-10-math-full-05', 'MCQ', 1, 0.5, 'Which cannot be probability?', 'Which cannot be probability?', 0, NULL, '[{"id":"A","text":"1.5","is_correct":true},{"id":"B","text":"15%","is_correct":false}]', '{"steps_latex":["Range 0 to 1."]}', NULL, NULL, NULL, 12);
INSERT INTO questions (id, set_id, type, marks, difficulty, question_text, question_latex, has_diagram, diagram_svg, options_json, solution_json, unit, topic, case_study_json, sort_order) VALUES ('cbse-10-math-full-05-U1-S5-MCQ13', 'cbse-10-math-full-05', 'MCQ', 1, 0.5, 'Product of roots of $x^2 - 7 = 0$.', 'Product of roots of $x^2 - 7 = 0$.', 0, NULL, '[{"id":"A","text":"-7","is_correct":true},{"id":"B","text":"7","is_correct":false}]', '{"steps_latex":["c/a = -7."]}', NULL, NULL, NULL, 13);
INSERT INTO questions (id, set_id, type, marks, difficulty, question_text, question_latex, has_diagram, diagram_svg, options_json, solution_json, unit, topic, case_study_json, sort_order) VALUES ('cbse-10-math-full-05-U2-S5-MCQ14', 'cbse-10-math-full-05', 'MCQ', 1, 0.5, 'Midpoint of $(0,0)$ and $(4,6)$.', 'Midpoint of $(0,0)$ and $(4,6)$.', 0, NULL, '[{"id":"A","text":"(2,3)","is_correct":true},{"id":"B","text":"(4,6)","is_correct":false}]', '{"steps_latex":["(2,3)"]}', NULL, NULL, NULL, 14);
INSERT INTO questions (id, set_id, type, marks, difficulty, question_text, question_latex, has_diagram, diagram_svg, options_json, solution_json, unit, topic, case_study_json, sort_order) VALUES ('cbse-10-math-full-05-U3-S5-MCQ15', 'cbse-10-math-full-05', 'MCQ', 1, 0.5, 'Value of $\cos 0 \cdot \cos 1 \dots \cos 90$.', 'Value of $\cos 0 \cdot \cos 1 \dots \cos 90$.', 0, NULL, '[{"id":"A","text":"0","is_correct":true},{"id":"B","text":"1","is_correct":false}]', '{"steps_latex":["Cos 90 is 0."]}', NULL, NULL, NULL, 15);
INSERT INTO questions (id, set_id, type, marks, difficulty, question_text, question_latex, has_diagram, diagram_svg, options_json, solution_json, unit, topic, case_study_json, sort_order) VALUES ('cbse-10-math-full-05-U4-S5-MCQ16', 'cbse-10-math-full-05', 'MCQ', 1, 0.5, 'Length of tangent from point 5cm from center (rad 3cm).', 'Length of tangent from point 5cm from center (rad 3cm).', 0, NULL, '[{"id":"A","text":"4cm","is_correct":true},{"id":"B","text":"5cm","is_correct":false}]', '{"steps_latex":["4cm"]}', NULL, NULL, NULL, 16);
INSERT INTO questions (id, set_id, type, marks, difficulty, question_text, question_latex, has_diagram, diagram_svg, options_json, solution_json, unit, topic, case_study_json, sort_order) VALUES ('cbse-10-math-full-05-U5-S5-MCQ17', 'cbse-10-math-full-05', 'MCQ', 1, 0.5, 'Sin 45 + Cos 45 = ', 'Sin 45 + Cos 45 = ', 0, NULL, '[{"id":"A","text":"$\\sqrt{2}$","is_correct":true},{"id":"B","text":"1","is_correct":false}]', '{"steps_latex":["$1/\\sqrt{2} + 1/\\sqrt{2} = 2/\\sqrt{2} = \\sqrt{2}$."]}', NULL, NULL, NULL, 17);
INSERT INTO questions (id, set_id, type, marks, difficulty, question_text, question_latex, has_diagram, diagram_svg, options_json, solution_json, unit, topic, case_study_json, sort_order) VALUES ('cbse-10-math-full-05-U6-S5-MCQ18', 'cbse-10-math-full-05', 'MCQ', 1, 0.5, 'TSA of Hemisphere radius r.', 'TSA of Hemisphere radius r.', 0, NULL, '[{"id":"A","text":"$3\\pi r^2$","is_correct":true},{"id":"B","text":"$2\\pi r^2$","is_correct":false}]', '{"steps_latex":["Formula."]}', NULL, NULL, NULL, 18);
INSERT INTO questions (id, set_id, type, marks, difficulty, question_text, question_latex, has_diagram, diagram_svg, options_json, solution_json, unit, topic, case_study_json, sort_order) VALUES ('cbse-10-math-full-05-U7-S5-MCQ19', 'cbse-10-math-full-05', 'MCQ', 1, 0.5, 'Median of 3, 5, 1, 6, 9.', 'Median of 3, 5, 1, 6, 9.', 0, NULL, '[{"id":"A","text":"5","is_correct":true},{"id":"B","text":"6","is_correct":false}]', '{"steps_latex":["1,3,5,6,9. Median 5."]}', NULL, NULL, NULL, 19);
INSERT INTO questions (id, set_id, type, marks, difficulty, question_text, question_latex, has_diagram, diagram_svg, options_json, solution_json, unit, topic, case_study_json, sort_order) VALUES ('cbse-10-math-full-05-U2-S5-MCQ20', 'cbse-10-math-full-05', 'MCQ', 1, 0.5, 'Roots of $x^2 + x - 6 = 0$.', 'Roots of $x^2 + x - 6 = 0$.', 0, NULL, '[{"id":"A","text":"-3, 2","is_correct":true},{"id":"B","text":"3, -2","is_correct":false}]', '{"steps_latex":["(x+3)(x-2)."]}', NULL, NULL, NULL, 20);
INSERT INTO questions (id, set_id, type, marks, difficulty, question_text, question_latex, has_diagram, diagram_svg, options_json, solution_json, unit, topic, case_study_json, sort_order) VALUES ('cbse-10-math-full-05-U1-S5-Q21', 'cbse-10-math-full-05', 'SA', 2, 0.4, 'Prove that $3+2\sqrt{5}$ is irrational, given that $\sqrt{5}$ is irrational.', 'Prove that $3+2\sqrt{5}$ is irrational, given that $\sqrt{5}$ is irrational.', 0, NULL, NULL, '{"steps_latex":["Let $3+2\\sqrt{5} = a/b$.","$2\\sqrt{5} = a/b - 3$.","$\\sqrt{5} = \\frac{a-3b}{2b}$.","RHS is rational, LHS is irrational. Contradiction."]}', NULL, NULL, NULL, 21);
INSERT INTO questions (id, set_id, type, marks, difficulty, question_text, question_latex, has_diagram, diagram_svg, options_json, solution_json, unit, topic, case_study_json, sort_order) VALUES ('cbse-10-math-full-05-U2-S5-Q22', 'cbse-10-math-full-05', 'SA', 2, 0.5, 'For what value of $k$ will the system $kx + 3y = k-3$ and $12x + ky = k$ have no solution?', 'For what value of $k$ will the system $kx + 3y = k-3$ and $12x + ky = k$ have no solution?', 0, NULL, NULL, '{"steps_latex":["$a_1/a_2 = b_1/b_2 \\neq c_1/c_2$.","$k/12 = 3/k \\Rightarrow k^2 = 36 \\Rightarrow k = \\pm 6$.","Check checks for no solution conditions. If $k=6$, $6/12 = 3/6 = 1/2$. $c_1/c_2 = 3/6 = 1/2$. Infinite solutions.","If $k=-6$, $-6/12 = 3/-6 = -1/2$. $c_1/c_2 = -9/-6 = 3/2$. No solution. Hence $k=-6$."]}', NULL, NULL, NULL, 22);
INSERT INTO questions (id, set_id, type, marks, difficulty, question_text, question_latex, has_diagram, diagram_svg, options_json, solution_json, unit, topic, case_study_json, sort_order) VALUES ('cbse-10-math-full-05-U3-S5-Q23', 'cbse-10-math-full-05', 'SA', 2, 0.4, 'Find the ratio in which the y-axis divides the line segment joining $(5, -6)$ and $(-1, -4)$.', 'Find the ratio in which the y-axis divides the line segment joining $(5, -6)$ and $(-1, -4)$.', 0, NULL, NULL, '{"steps_latex":["Let ratio be $k:1$. Point on y-axis is $(0, y)$.","$x = \\frac{k(-1) + 1(5)}{k+1} = 0$.","$-k + 5 = 0 \\Rightarrow k = 5$. Ratio $5:1$."]}', NULL, NULL, NULL, 23);
INSERT INTO questions (id, set_id, type, marks, difficulty, question_text, question_latex, has_diagram, diagram_svg, options_json, solution_json, unit, topic, case_study_json, sort_order) VALUES ('cbse-10-math-full-05-U4-S5-Q24', 'cbse-10-math-full-05', 'SA', 2, 0.5, 'In a trapezium ABCD, $AB \parallel DC$ and diagonals intersect at O. Show that $\frac{AO}{BO} = \frac{CO}{DO}$.', 'In a trapezium ABCD, $AB \parallel DC$ and diagonals intersect at O. Show that $\frac{AO}{BO} = \frac{CO}{DO}$.', 0, NULL, NULL, '{"steps_latex":["Use AA similarity in $\\triangle AOB$ and $\\triangle COD$.","$\\angle OAB = \\angle OCD$ (Alt int angles).","$AB/CD = AO/CO = BO/DO \\Rightarrow \\frac{AO}{BO} = \\frac{CO}{DO}$."]}', NULL, NULL, NULL, 24);
INSERT INTO questions (id, set_id, type, marks, difficulty, question_text, question_latex, has_diagram, diagram_svg, options_json, solution_json, unit, topic, case_study_json, sort_order) VALUES ('cbse-10-math-full-05-U5-S5-Q25', 'cbse-10-math-full-05', 'SA', 2, 0.5, 'Evaluate: $\frac{5 \cos^2 60^\circ + 4 \sec^2 30^\circ - \tan^2 45^\circ}{\sin^2 30^\circ + \cos^2 30^\circ}$.', 'Evaluate: $\frac{5 \cos^2 60^\circ + 4 \sec^2 30^\circ - \tan^2 45^\circ}{\sin^2 30^\circ + \cos^2 30^\circ}$.', 0, NULL, NULL, '{"steps_latex":["Denominator $= 1$.","Num: $5(1/2)^2 + 4(2/\\sqrt{3})^2 - 1^2$.","$5/4 + 16/3 - 1 = \\frac{15 + 64 - 12}{12} = \\frac{67}{12}$."]}', NULL, NULL, NULL, 25);
INSERT INTO questions (id, set_id, type, marks, difficulty, question_text, question_latex, has_diagram, diagram_svg, options_json, solution_json, unit, topic, case_study_json, sort_order) VALUES ('cbse-10-math-full-05-U2-S5-Q26', 'cbse-10-math-full-05', 'SA', 3, 0.6, 'Five years hence, the age of Jacob will be three times that of his son. Five years ago, Jacob''s age was seven times that of his son. Find their present ages.', 'Five years hence, the age of Jacob will be three times that of his son. Five years ago, Jacob''s age was seven times that of his son. Find their present ages.', 0, NULL, NULL, '{"steps_latex":["Let Jacob $= x$, Son $= y$.","$x+5 = 3(y+5) \\Rightarrow x - 3y = 10$.","$x-5 = 7(y-5) \\Rightarrow x - 7y = -30$.","Solving: $4y = 40 \\Rightarrow y=10$. $x = 10 + 30 = 40$."]}', NULL, NULL, NULL, 26);
INSERT INTO questions (id, set_id, type, marks, difficulty, question_text, question_latex, has_diagram, diagram_svg, options_json, solution_json, unit, topic, case_study_json, sort_order) VALUES ('cbse-10-math-full-05-U4-S5-Q27', 'cbse-10-math-full-05', 'SA', 3, 0.5, 'Prove that the lengths of tangents drawn from an external point to a circle are equal.', 'Prove that the lengths of tangents drawn from an external point to a circle are equal.', 0, NULL, NULL, '{"steps_latex":["Standard RHS proof using triangles OAP and OBP."]}', NULL, NULL, NULL, 27);
INSERT INTO questions (id, set_id, type, marks, difficulty, question_text, question_latex, has_diagram, diagram_svg, options_json, solution_json, unit, topic, case_study_json, sort_order) VALUES ('cbse-10-math-full-05-U5-S5-Q28', 'cbse-10-math-full-05', 'SA', 3, 0.6, 'Prove that $\sqrt{\frac{1+\sin A}{1-\sin A}} = \sec A + \tan A$.', 'Prove that $\sqrt{\frac{1+\sin A}{1-\sin A}} = \sec A + \tan A$.', 0, NULL, NULL, '{"steps_latex":["Rationalize denominator: Multiply $\\sqrt{1+\\sin A}$ to num/den.","Num: $(1+\\sin A)$. Den: $\\sqrt{1-\\sin^2 A} = \\cos A$.","$(1+\\sin A)/\\cos A = 1/\\cos A + \\sin A/\\cos A = \\sec A + \\tan A$."]}', NULL, NULL, NULL, 28);
INSERT INTO questions (id, set_id, type, marks, difficulty, question_text, question_latex, has_diagram, diagram_svg, options_json, solution_json, unit, topic, case_study_json, sort_order) VALUES ('cbse-10-math-full-05-U6-S5-Q29', 'cbse-10-math-full-05', 'SA', 3, 0.6, 'Find the area of the shaded region in a square of side 14 cm, where four quadrants of circles are drawn at vertices touching each other.', 'Find the area of the shaded region in a square of side 14 cm, where four quadrants of circles are drawn at vertices touching each other.', 0, NULL, NULL, '{"steps_latex":["Area Square $= 14^2 = 196$.","4 Quadrants = 1 Circle (radius 7).","Area Circle $= \\frac{22}{7} \\times 7 \\times 7 = 154$.","Shaded $= 196 - 154 = 42\\text{ cm}^2$."]}', NULL, NULL, NULL, 29);
INSERT INTO questions (id, set_id, type, marks, difficulty, question_text, question_latex, has_diagram, diagram_svg, options_json, solution_json, unit, topic, case_study_json, sort_order) VALUES ('cbse-10-math-full-05-U7-S5-Q30', 'cbse-10-math-full-05', 'SA', 3, 0.5, 'One card is drawn from a well-shuffled deck of 52 cards. Find the probability of getting: (i) a King of red colour, (ii) a face card, (iii) a spade.', 'One card is drawn from a well-shuffled deck of 52 cards. Find the probability of getting: (i) a King of red colour, (ii) a face card, (iii) a spade.', 0, NULL, NULL, '{"steps_latex":["(i) 2 Red Kings. $2/52 = 1/26$.","(ii) 12 Face cards. $12/52 = 3/13$.","(iii) 13 Spades. $13/52 = 1/4$."]}', NULL, NULL, NULL, 30);
INSERT INTO questions (id, set_id, type, marks, difficulty, question_text, question_latex, has_diagram, diagram_svg, options_json, solution_json, unit, topic, case_study_json, sort_order) VALUES ('cbse-10-math-full-05-U7-S5-Q31', 'cbse-10-math-full-05', 'SA', 3, 0.5, 'The mean of the following data is 25. Find the value of k. Class: 0-10, 10-20, 20-30, 30-40, 40-50. Freq: 5, 18, 15, k, 6.', 'The mean of the following data is 25. Find the value of k. Class: 0-10, 10-20, 20-30, 30-40, 40-50. Freq: 5, 18, 15, k, 6.', 0, NULL, NULL, '{"steps_latex":["Use $\\Sigma f_i x_i / \\Sigma f_i$.","$x_i: 5, 15, 25, 35, 45$.","$\\Sigma f_i = 44+k$.","$\\Sigma f_i x_i = 25+270+375+35k+270 = 940+35k$.","$25 = (940+35k)/(44+k)$.","$1100 + 25k = 940 + 35k \\Rightarrow 10k = 160 \\Rightarrow k=16$."]}', NULL, NULL, NULL, 31);
INSERT INTO questions (id, set_id, type, marks, difficulty, question_text, question_latex, has_diagram, diagram_svg, options_json, solution_json, unit, topic, case_study_json, sort_order) VALUES ('cbse-10-math-full-05-U2-S5-Q32', 'cbse-10-math-full-05', 'LA', 5, 0.7, 'A train travels 360 km at a uniform speed. If the speed had been 5 km/h more, it would have taken 1 hour less for the same journey. Find the speed of the train.', 'A train travels 360 km at a uniform speed. If the speed had been 5 km/h more, it would have taken 1 hour less for the same journey. Find the speed of the train.', 0, NULL, NULL, '{"steps_latex":["$360/x - 360/(x+5) = 1$.","$360[5] = x(x+5)$.","$x^2 + 5x - 1800 = 0$.","$(x+45)(x-40)=0$.","$x=40\\text{ km/h}$."]}', NULL, NULL, NULL, 32);
INSERT INTO questions (id, set_id, type, marks, difficulty, question_text, question_latex, has_diagram, diagram_svg, options_json, solution_json, unit, topic, case_study_json, sort_order) VALUES ('cbse-10-math-full-05-U4-S5-Q33', 'cbse-10-math-full-05', 'LA', 5, 0.7, 'State and prove the Pythagoras Theorem.', 'State and prove the Pythagoras Theorem.', 0, NULL, NULL, '{"steps_latex":["(Standard Proof using similar triangles)."]}', NULL, NULL, NULL, 33);
INSERT INTO questions (id, set_id, type, marks, difficulty, question_text, question_latex, has_diagram, diagram_svg, options_json, solution_json, unit, topic, case_study_json, sort_order) VALUES ('cbse-10-math-full-05-U5-S5-Q34', 'cbse-10-math-full-05', 'LA', 5, 0.7, 'The angle of elevation of a cloud from a point $h$ metres above a lake is $\alpha$ and the angle of depression of its reflection in the lake is $\beta$. Prove that the height of the cloud is $\frac{h(\tan \beta + \tan \alpha)}{\tan \beta - \tan \alpha}$.', 'The angle of elevation of a cloud from a point $h$ metres above a lake is $\alpha$ and the angle of depression of its reflection in the lake is $\beta$. Prove that the height of the cloud is $\frac{h(\tan \beta + \tan \alpha)}{\tan \beta - \tan \alpha}$.', 0, NULL, NULL, '{"steps_latex":["Let cloud height be $H$. Height above point is $H-h$. Reflection depth $H+h$.","$\\tan \\alpha = (H-h)/x$. $\\tan \\beta = (H+h)/x$.","Divide: $\\tan \\beta / \\tan \\alpha = (H+h)/(H-h)$.","Apply Componendo and Dividendo or simplify to get proof."]}', NULL, NULL, NULL, 34);
INSERT INTO questions (id, set_id, type, marks, difficulty, question_text, question_latex, has_diagram, diagram_svg, options_json, solution_json, unit, topic, case_study_json, sort_order) VALUES ('cbse-10-math-full-05-U6-S5-Q35', 'cbse-10-math-full-05', 'LA', 5, 0.7, 'A tent is in the shape of a cylinder surmounted by a conical top. If the height and diameter of the cylindrical part are 2.1 m and 4 m respectively, and the slant height of the top is 2.8 m, find the area of the canvas used. Also find the cost at Rs 500 per $m^2$.', 'A tent is in the shape of a cylinder surmounted by a conical top. If the height and diameter of the cylindrical part are 2.1 m and 4 m respectively, and the slant height of the top is 2.8 m, find the area of the canvas used. Also find the cost at Rs 500 per $m^2$.', 0, NULL, NULL, '{"steps_latex":["$r=2$. $h_{cyl}=2.1$. $l=2.8$.","Area = CSA Cyl + CSA Cone = $2\\pi r h + \\pi r l$.","$\\pi r (2h + l) = (22/7)*2(4.2 + 2.8) = 44/7 * 7 = 44\\text{ m}^2$.","Cost = $44 \\times 500 = 22000$ Rs."]}', NULL, NULL, NULL, 35);
INSERT INTO questions (id, set_id, type, marks, difficulty, question_text, question_latex, has_diagram, diagram_svg, options_json, solution_json, unit, topic, case_study_json, sort_order) VALUES ('cbse-10-math-full-05-U2-S5-CS36', 'cbse-10-math-full-05', 'CaseStudy', 4, 0.5, 'A rainbow is represented by quadratic polynomial $y = -x^2 + 4x - 3$.', 'A rainbow is represented by quadratic polynomial $y = -x^2 + 4x - 3$.', 1, '<svg viewBox=''0 0 200 150''><path d=''M 20 120 Q 100 20 180 120'' fill=''none'' stroke=''purple'' stroke-width=''5''/></svg>', NULL, '{}', NULL, NULL, '{"has_diagram":false,"visual_diagram":null,"sub_questions":[{"part":"i","marks":1,"question":{"text_latex":"Graph shape."},"solution":{"steps_latex":["Parabola downwards."]}},{"part":"ii","marks":1,"question":{"text_latex":"Find zeroes."},"solution":{"steps_latex":["$x^2-4x+3=0 \\Rightarrow (x-3)(x-1) \\Rightarrow 1, 3$."]}},{"part":"iii","marks":2,"question":{"text_latex":"Find vertex."},"solution":{"steps_latex":["$x=2, y=1$. Point $(2, 1)$."]}}]}', 36);
INSERT INTO questions (id, set_id, type, marks, difficulty, question_text, question_latex, has_diagram, diagram_svg, options_json, solution_json, unit, topic, case_study_json, sort_order) VALUES ('cbse-10-math-full-05-U4-S5-CS37', 'cbse-10-math-full-05', 'CaseStudy', 4, 0.5, 'A man 1.8m tall casts a shadow 60cm long. At the same time a pole casts a shadow 2.4m long.', 'A man 1.8m tall casts a shadow 60cm long. At the same time a pole casts a shadow 2.4m long.', 1, '<svg viewBox=''0 0 200 150''><line x1=''50'' y1=''100'' x2=''50'' y2=''50'' stroke=''black''/><line x1=''50'' y1=''100'' x2=''80'' y2=''100'' stroke=''gray''/><line x1=''150'' y1=''100'' x2=''150'' y2=''20'' stroke=''black''/><line x1=''150'' y1=''100'' x2=''190'' y2=''100'' stroke=''gray''/><text x=''40'' y=''40''>Man</text><text x=''140'' y=''15''>Pole</text></svg>', NULL, '{}', NULL, NULL, '{"has_diagram":false,"visual_diagram":null,"sub_questions":[{"part":"i","marks":1,"question":{"text_latex":"Ratio of height to shadow."},"solution":{"steps_latex":["$1.8/0.6 = 3:1$."]}},{"part":"ii","marks":1,"question":{"text_latex":"Height of pole."},"solution":{"steps_latex":["$h/2.4 = 3 \\Rightarrow h = 7.2\\text{ m}$."]}},{"part":"iii","marks":2,"question":{"text_latex":"Is it AA similarity?"},"solution":{"steps_latex":["Yes, vertical angles and sun elevation."]}}]}', 37);
INSERT INTO questions (id, set_id, type, marks, difficulty, question_text, question_latex, has_diagram, diagram_svg, options_json, solution_json, unit, topic, case_study_json, sort_order) VALUES ('cbse-10-math-full-05-U7-S5-CS38-Unique', 'cbse-10-math-full-05', 'CaseStudy', 4, 0.5, 'Two dice thrown. Sum of numbers noted.', '**Case Study: The Dice Game**

Two friends are playing a game with two six-sided dice. They throw the dice simultaneously and note the sum of the numbers appearing on the top faces.', 1, '<svg viewBox=''0 0 200 100'' xmlns=''http://www.w3.org/2000/svg''><rect x=''20'' y=''20'' width=''50'' height=''50'' rx=''5'' fill=''white'' stroke=''black''/><circle cx=''35'' cy=''35'' r=''5'' fill=''black''/><circle cx=''55'' cy=''55'' r=''5'' fill=''black''/><rect x=''90'' y=''20'' width=''50'' height=''50'' rx=''5'' fill=''white'' stroke=''black''/><circle cx=''105'' cy=''35'' r=''5'' fill=''black''/><circle cx=''125'' cy=''35'' r=''5'' fill=''black''/><circle cx=''125'' cy=''55'' r=''5'' fill=''black''/><circle cx=''105'' cy=''55'' r=''5'' fill=''black''/><circle cx=''115'' cy=''45'' r=''5'' fill=''black''/></svg>', NULL, '{}', NULL, NULL, '{"has_diagram":false,"visual_diagram":null,"sub_questions":[{"part":"i","marks":1,"question":{"text_latex":"Total number of possible outcomes."},"solution":{"steps_latex":["$6 \\times 6 = 36$."],"answer":{"correct_answer_plain":"36"}}},{"part":"ii","marks":1,"question":{"text_latex":"Probability of getting a sum of 8."},"solution":{"steps_latex":["Pairs: (2,6), (3,5), (4,4), (5,3), (6,2). Count = 5. P = 5/36."],"answer":{"correct_answer_plain":"5/36"}}},{"part":"iii","marks":2,"question":{"text_latex":"Probability that the product of the numbers is 12."},"solution":{"steps_latex":["Pairs: (2,6), (3,4), (4,3), (6,2). Count = 4. P = 4/36 = 1/9."],"answer":{"correct_answer_plain":"1/9"}}}]}', 38);

